Datetime,Global_active_power_mean,Global_active_power_max,Global_reactive_power_mean,Sub_metering_1_ratio,Sub_metering_2_ratio,Sub_metering_3_ratio,Global_active_power_cv,KMeans_Cluster
2006-12-16,3.0534747474747475,7.706,0.08818686868686867,0.0,0.09978070175438597,0.9002192982456141,0.3361212736864093,1
2006-12-17,2.354486111111111,7.064,0.1569486111111111,0.10393129185624457,0.2140483615357088,0.6820203466080467,0.5121268024662303,2
2006-12-18,1.5304347222222223,6.158,0.11235555555555556,0.060049711896960796,0.148062365834369,0.7918879222686702,0.6567246157753455,1
2006-12-19,1.1570791666666667,7.84,0.10482083333333334,0.05731657330236371,0.5193332422462085,0.4233501844514278,1.0695918239046478,2
2006-12-20,1.5456583333333334,5.988,0.11180416666666666,0.0,0.15845850038896536,0.8415414996110346,0.854631292737326,1
2006-12-21,1.1924402777777778,5.854,0.10011527777777778,0.1191842798298332,0.17712202039300426,0.7036936997771626,0.8330566425144322,1
2006-12-22,1.6259291666666669,7.884,0.12979583333333333,0.21534991798797157,0.023920174958993987,0.7607299070530344,0.8832979742583678,0
2006-12-23,3.314851388888889,8.698,0.15379861111111112,0.14977553310886643,0.023849607182940515,0.826374859708193,0.45349734539476777,1
2006-12-24,1.7708416666666669,6.824,0.10409722222222223,0.12452471482889733,0.37159988300672714,0.5038754021643755,0.7202054521878639,2
2006-12-25,1.9049444444444443,6.702,0.1668611111111111,0.4604576754538499,0.13646796967378452,0.4030743548723656,0.7484498051701708,0
2006-12-26,2.7320208333333333,6.496,0.11465416666666667,0.05839337563178836,0.13619744058500913,0.8054091837832025,0.35049127919579914,1
2006-12-27,1.0616388888888888,5.56,0.12423749999999999,0.0,0.043072702331961595,0.9569272976680384,0.7776612289083811,1
2006-12-28,1.4393319444444443,9.132,0.14505277777777778,0.13966586508036957,0.27964814580432856,0.5806859891153019,0.9978880462401069,2
2006-12-29,2.204438888888889,7.238,0.13638472222222223,0.07056303894493603,0.29093163501099023,0.6385053260440737,0.5958037336633593,2
2006-12-30,1.9460666666666666,9.078,0.21716666666666667,0.13334745762711864,0.33635593220338983,0.5302966101694915,0.8985223993665935,2
2006-12-31,2.426525,6.722,0.10475833333333334,0.0,0.050664330559205724,0.9493356694407943,0.479782848757356,1
2007-01-01,1.9090305555555556,3.558,0.10289305555555556,0.0,0.05648267008985879,0.9435173299101413,0.4777646443063328,1
2007-01-02,0.8814138888888889,3.688,0.13218194444444445,0.0,0.05036179450072359,0.9496382054992764,0.7972942022529557,3
2007-01-03,0.7042041666666666,5.19,0.13661666666666666,0.0,0.06733215893521237,0.9326678410647876,0.7987841894022242,3
2007-01-04,2.2634805555555553,5.976,0.1404875,0.05377609496520671,0.38871264838313546,0.5575112566516578,0.5128385398137206,2
2007-01-05,1.8842805555555555,5.73,0.12024583333333333,0.15669907016060863,0.040046491969568894,0.8032544378698225,0.5442622602858637,1
2007-01-06,1.047484722222222,8.044,0.13346388888888888,0.18015102481121897,0.054207119741100325,0.7656418554476807,0.9194981813845665,0
2007-01-07,1.6997361111111111,7.774,0.17088472222222223,0.08648907460607644,0.35592408809959086,0.5575868372943327,0.9815069717251299,2
2007-01-08,1.5565,4.97,0.14414444444444446,0.0,0.025924281114688575,0.9740757188853114,0.5847763553397701,1
2007-01-09,1.2979541666666667,8.67,0.14392222222222223,0.10720863766275007,0.27100666878374086,0.6217846935535091,0.9676706093162376,2
2007-01-10,1.496388888888889,6.836,0.15864722222222222,0.047478292998337335,0.2744011330746967,0.6781205739269659,0.8630431588460016,2
2007-01-11,1.5661069444444444,7.754,0.1597361111111111,0.08632462569692413,0.1359393597694669,0.777736014533609,0.9480318400991946,2
2007-01-12,1.014788888888889,6.478,0.13829166666666665,0.0,0.05037292025243832,0.9496270797475617,0.9150561185217843,1
2007-01-13,2.2130652777777775,9.272,0.2019,0.35286140493626256,0.13448151161739444,0.512657083446343,0.8591276222182604,0
2007-01-14,2.090992361111111,7.64,0.15790069444444446,0.09360760660573655,0.22203492506650513,0.6843574683277583,0.6617482844102567,2
2007-01-15,1.4921375,5.896,0.12143055555555557,0.05940219447597427,0.1210204853791687,0.8195773201448571,0.6440740155060233,1
2007-01-16,1.1711138888888888,5.57,0.12876944444444444,0.22206673842841765,0.06932185145317546,0.7086114101184069,0.8505924550580863,0
2007-01-17,1.977561111111111,8.0,0.13941111111111112,0.13833445318366863,0.22674993083277342,0.634915615983558,0.7272134656333288,2
2007-01-18,1.2649041666666667,6.808,0.12341111111111111,0.0,0.024300282056845302,0.9756997179431547,0.8615580576704049,1
2007-01-19,1.0280833333333335,6.132,0.11809166666666666,0.21894846434148882,0.03435710567412806,0.7466944299843832,0.9700687213638688,0
2007-01-20,2.1762027777777777,8.658,0.16552916666666667,0.20604212332030877,0.24883255503669113,0.5451253216430001,0.6923243202583271,2
2007-01-21,2.366154166666667,8.018,0.15953888888888887,0.376054085489968,0.20234806629834254,0.42159784821168944,0.784032085653848,2
2007-01-22,1.5142319444444445,7.722,0.1171125,0.06845044811014417,0.19372645798155605,0.7378230939082998,0.8153280375412593,2
2007-01-23,1.2344722222222222,6.036,0.09602777777777778,0.0,0.1737142857142857,0.8262857142857143,0.993885351151509,1
2007-01-24,2.074898611111111,7.248,0.12365277777777778,0.195838986883763,0.14020805065581185,0.6639529624604251,0.5649996590594639,2
2007-01-25,1.1085722222222223,5.832,0.10011111111111111,0.09147641993838376,0.02069673749901256,0.8878268425626037,0.8926860084331061,1
2007-01-26,1.1235916666666665,5.024,0.09923749999999999,0.12036845373628648,0.02701304077830677,0.8526185054854067,0.8031196406571913,1
2007-01-27,1.4194944444444444,6.204,0.10294583333333332,0.06708715596330275,0.22339449541284404,0.7095183486238532,0.7883810281594155,2
2007-01-28,2.1475173611111114,7.552,0.10668611111111112,0.177520551102461,0.2047427590975441,0.6177366897999949,0.629844204060671,2
2007-01-29,1.37685,4.908,0.11506666666666666,0.06736248575370404,0.01763541479215404,0.9150020994541419,0.6783116851565436,1
2007-01-30,1.1859708333333334,6.166,0.1256486111111111,0.1049925205684368,0.13313388182498131,0.7618735976065819,0.9824159109353309,0
2007-01-31,1.6414944444444444,6.59,0.12915833333333332,0.0,0.2833063517760213,0.7166936482239786,0.7842122665655191,2
2007-02-01,1.2671944444444445,7.482,0.10435000000000001,0.07958642269233386,0.0262567172301204,0.8941568600775457,0.8736165388228477,1
2007-02-02,1.15815,5.448,0.09690416666666667,0.0,0.030442962202839062,0.969557037797161,0.8550569161040175,1
2007-02-03,2.7984180555555556,7.904,0.17071111111111112,0.17478731631863884,0.16841601296357678,0.6567966707177844,0.4966712194482724,2
2007-02-04,2.4971805555555555,7.698,0.12950972222222223,0.15097951914514693,0.20467497773820126,0.6443455031166518,0.5082979487147479,2
2007-02-05,1.1425555555555555,5.816,0.10224166666666668,0.07922893270846229,0.2267220797594836,0.6940489875320541,0.9320516458177817,2
2007-02-06,0.8843611111111112,4.816,0.09900416666666667,0.1940396266579335,0.06631734075650893,0.7396430325855575,0.8814297704213206,1
2007-02-07,1.6166791666666667,6.694,0.12340833333333333,0.17549739333971698,0.18688158314714332,0.6376210235131397,0.7383775187625744,2
2007-02-08,1.2509819444444443,5.58,0.09645555555555554,0.174601929563103,0.028708133971291867,0.7966899364656052,0.8412953776565523,1
2007-02-09,1.1251375000000001,6.146,0.10976805555555556,0.0,0.23761217323449083,0.7623878267655092,0.8954643943372951,2
2007-02-10,1.964811111111111,6.88,0.1340097222222222,0.22732774465414443,0.1269108351638499,0.6457614201820057,0.766498393180091,2
2007-02-11,2.4800194444444443,7.426,0.1418847222222222,0.11965138608498695,0.23462504308434684,0.6457235708306662,0.4977243882382436,2
2007-02-12,1.3038958333333333,6.514,0.09493333333333334,0.157463055928728,0.02821183624407834,0.8143251078271937,0.80688461699355,1
2007-02-13,0.9823236111111111,4.972,0.09352638888888888,0.0,0.31131660061646854,0.6886833993835315,0.9570047119325685,2
2007-02-14,1.735188888888889,6.008,0.14062916666666667,0.1765147050945519,0.20319280012856913,0.620292494776879,0.78804345193993,2
2007-02-15,1.3787125,7.234,0.11525277777777777,0.0,0.14416448050759564,0.8558355194924043,0.8898903254705683,1
2007-02-16,1.182311111111111,6.316,0.1053375,0.10732984293193717,0.08031039640987285,0.8123597606581899,0.9605495653535044,1
2007-02-17,1.4423,7.33,0.16595,0.15832436311446,0.19967707212055974,0.6419985647649803,0.8750039953284171,2
2007-02-18,2.6595569444444447,7.16,0.17744583333333333,0.22420059473548956,0.2938066742538272,0.4819927310106832,0.5858813819180431,2
2007-02-19,1.5184819444444444,7.682,0.12262777777777778,0.09274079119132754,0.16459503944605255,0.7426641693626199,0.9046375448803405,2
2007-02-20,2.18745,8.374,0.1299708333333333,0.12133003183586841,0.30603702393585663,0.5726329442282749,0.594055150736796,2
2007-02-21,1.4394958333333332,8.974,0.13185416666666666,0.20261963577870973,0.13396909289366346,0.6634112713276268,0.8775658895868168,2
2007-02-22,2.3454305555555557,9.41,0.09593333333333334,0.07889579483733691,0.2332157455624615,0.6878884596002016,0.6654149445780707,2
2007-02-23,0.9121388888888889,5.468,0.1037111111111111,0.0,0.04455664806448755,0.9554433519355124,0.7866119248215429,1
2007-02-24,0.4964736111111111,2.464,0.0848625,0.0,0.09248407643312102,0.9075159235668789,1.0598147071516082,3
2007-02-25,0.3484305555555556,1.536,0.07898333333333334,0.0,0.16540975364504776,0.8345902463549523,0.786906751128571,3
2007-02-26,0.3947805555555556,1.558,0.07519444444444444,0.0,0.10471369819677318,0.8952863018032269,0.8612646184797838,3
2007-02-27,0.35979999999999995,1.47,0.07861388888888889,0.0,0.14030384271671134,0.8596961572832886,0.7933095024641846,3
2007-02-28,0.36164861111111113,1.486,0.07873055555555555,0.0,0.14699524427150887,0.8530047557284911,0.8019594609761026,3
2007-03-01,0.3594194444444444,1.472,0.07474166666666666,0.0,0.13763066202090593,0.8623693379790941,0.8103168662183329,3
2007-03-02,0.35811666666666664,1.468,0.0743111111111111,0.0,0.14724989172802078,0.8527501082719792,0.7971495937008442,3
2007-03-03,0.5688347222222222,4.242,0.09374444444444444,0.0,0.07018608414239483,0.9298139158576052,0.9471755828484095,3
2007-03-04,1.4518749999999998,10.67,0.12200138888888888,0.07532533809645317,0.44455218167899974,0.48012248022454707,1.2472852456347927,2
2007-03-05,1.8474527777777776,9.486,0.14302499999999999,0.20554877611083197,0.4346062737779054,0.35984495011126266,0.9136763721535008,2
2007-03-06,0.865625,6.508,0.12926944444444444,0.0,0.2701863354037267,0.7298136645962733,1.0613703526631184,2
2007-03-07,1.6494486111111113,5.98,0.11888888888888888,0.05039812646370023,0.2229976580796253,0.7266042154566744,0.8459339386628968,2
2007-03-08,1.0917583333333334,6.354,0.13014166666666666,0.1783960720130933,0.27700490998363336,0.5445990180032734,1.1349635985666076,2
2007-03-09,0.8837583333333334,5.444,0.08280416666666666,0.10855099811302016,0.03426358128910517,0.8571854205978746,0.8889858493878549,1
2007-03-10,1.7254944444444444,6.35,0.16911666666666667,0.20115922263893624,0.26408845160976085,0.5347523257513029,0.7966250271972466,2
2007-03-11,2.417108333333333,7.142,0.12039861111111111,0.2712915961646926,0.19289340101522842,0.535815002820079,0.48453933656230014,2
2007-03-12,1.3546305555555556,6.078,0.0933486111111111,0.08453334940049406,0.17117551364704464,0.7442911369524613,0.7713794200252682,1
2007-03-13,0.8959333333333334,5.77,0.08799861111111111,0.12818078237751615,0.3664071401443221,0.5054120774781617,1.1148024854853555,2
2007-03-14,1.2453916666666667,6.114,0.10939027777777777,0.2772033089405027,0.038180082723512566,0.6846166083359847,0.9270313856913321,0
2007-03-15,1.3088986111111112,4.574,0.11064305555555555,0.0,0.22819777606825653,0.7718022239317435,0.8276169125463518,1
2007-03-16,1.1819819444444446,5.342,0.09042222222222222,0.09981949458483755,0.41552346570397114,0.48465703971119134,0.9079270694226087,2
2007-03-17,1.4083958333333333,5.642,0.08824166666666666,0.14876701253200378,0.02418811480932489,0.8270448726586713,0.8341767495609038,1
2007-03-18,1.6465597222222221,7.994,0.1676736111111111,0.33169942897569354,0.37237859416847746,0.295921976855829,0.9529804408427149,2
2007-03-19,1.4948041666666667,7.452,0.10053055555555557,0.08931281161933666,0.14556687621938003,0.7651203121612833,0.8364477863182477,1
2007-03-20,1.4487694444444446,6.55,0.11449305555555556,0.20995683130571285,0.15905140999046924,0.630991758703818,0.9937816998503859,0
2007-03-21,1.487563888888889,5.88,0.09918750000000001,0.10172912234767904,0.22544046255386463,0.6728304150984563,0.7105288199745824,2
2007-03-22,1.010401388888889,5.744,0.07904583333333333,0.03056012466453121,0.06371742706259198,0.9057224482728768,0.9071494504030955,1
2007-03-23,0.9090333333333334,4.314,0.08297777777777778,0.10970505207826341,0.07563516012849217,0.8146597877932444,0.9016632716037094,1
2007-03-24,2.0614097222222223,7.186,0.13265555555555555,0.14320482113883953,0.22394344433284402,0.6328517345283164,0.7745507849279273,2
2007-03-25,2.317120138888889,7.918,0.16402777777777777,0.26324766886513534,0.20468501250852855,0.5320673186263362,0.5186697881419863,2
2007-03-26,0.9833902777777779,5.804,0.11178194444444445,0.1033434650455927,0.03267477203647416,0.8639817629179332,0.8746355041717233,1
2007-03-27,0.7674583333333334,5.938,0.10536527777777778,0.0,0.44952352590827876,0.5504764740917213,1.241094624313298,2
2007-03-28,1.6207625,6.714,0.13647083333333335,0.047669626545439096,0.36228066448570334,0.5900497089688576,0.8189489045682979,2
2007-03-29,1.1044486111111111,6.49,0.13798333333333332,0.09411955289162481,0.037259031265187106,0.8686214158431881,0.9956533389845458,1
2007-03-30,0.9738847222222222,5.098,0.12578333333333333,0.11187237958891502,0.047857654156866755,0.8402699662542182,0.9141536378495388,1
2007-03-31,2.4371597222222223,7.098,0.16076666666666667,0.09354136170516619,0.2751615552143954,0.6312970830804384,0.5339497106078824,2
2007-04-01,1.9346888888888887,8.16,0.1406611111111111,0.1567080808422763,0.18284302109076137,0.6604488980669623,0.7342548758490708,2
2007-04-02,1.3616513888888888,6.338,0.12106666666666667,0.09062274088608903,0.05008778271196943,0.8592894764019415,0.7693239597702934,1
2007-04-03,1.1408472222222221,7.928,0.11719444444444443,0.2949061662198391,0.08465350556503372,0.6204403282151272,1.1552323620324372,0
2007-04-04,1.4249083333333332,6.266,0.11966527777777779,0.18460380604236104,0.022578217395978928,0.7928179765616601,0.7892435969795133,1
2007-04-05,1.2806097222222221,8.102,0.16981805555555557,0.0683620798187083,0.2692307692307692,0.6624071509505225,1.1117598988576929,2
2007-04-06,1.111902777777778,5.812,0.09945416666666666,0.0,0.37356478950246036,0.6264352104975396,0.9029981912544157,2
2007-04-07,1.079113888888889,5.44,0.09634027777777777,0.11091428009054227,0.30617065249483316,0.5829150674146245,1.0904307402156985,2
2007-04-08,1.1172333333333333,3.598,0.0943625,0.0,0.12034739454094293,0.8796526054590571,0.8161340690252652,1
2007-04-09,0.6950833333333333,3.766,0.1111875,0.38198224004583214,0.07361787453451733,0.5443998854196506,1.0891712167814784,0
2007-04-10,0.5398361111111112,3.076,0.10343055555555555,0.059324439398240135,0.2106159523133693,0.7300596082883906,0.8406697698568261,3
2007-04-11,0.6163069444444444,2.906,0.13364305555555556,0.0,0.14761715120138058,0.8523828487986194,0.8351759693288209,3
2007-04-12,0.37340694444444444,1.542,0.10264722222222224,0.0,0.22933446375582875,0.7706655362441712,0.752887596129677,3
2007-04-13,0.3826541666666667,1.466,0.10530555555555554,0.0,0.21916732128829536,0.7808326787117046,0.748737556912916,3
2007-04-14,0.38490833333333335,1.526,0.1080625,0.0,0.22351121423047177,0.7764887857695282,0.7480171138658862,3
2007-04-15,0.5042805555555555,3.906,0.11912777777777779,0.0,0.26180147996937997,0.73819852003062,1.1179043920002254,3
2007-04-16,0.6613819444444444,6.026,0.12921805555555557,0.13771155793432663,0.18877477216837843,0.673513669897295,1.2170052011647945,0
2007-04-17,0.8498152777777778,6.41,0.15163472222222224,0.18866995073891626,0.0479064039408867,0.763423645320197,1.0315408995906117,0
2007-04-18,0.6932263888888889,6.054,0.11473888888888888,0.29436987322893365,0.06618195376584639,0.6394481730052199,1.1205382698496222,0
2007-04-19,0.7143458333333332,5.798,0.10393055555555555,0.09065050704922087,0.19849121939154094,0.7108582735592381,0.881543037813612,1
2007-04-20,0.5712361111111112,5.814,0.10114305555555557,0.2169237012987013,0.07305194805194805,0.7100243506493507,1.3777840816293037,0
2007-04-21,1.162261111111111,7.336,0.14767916666666667,0.3619199647712886,0.02548577090328618,0.6125942643254252,1.0578317442213323,0
2007-04-22,1.5511902777777777,6.958,0.1855513888888889,0.24154534640004532,0.12955305047300741,0.6289016031269472,0.8245068961331605,0
2007-04-23,0.7323375,4.676,0.09419444444444444,0.1771767976747125,0.06394540629344117,0.7588777960318464,1.0244270785562228,0
2007-04-24,0.716736111111111,5.638,0.09393333333333334,0.13502160345655304,0.06325012001920308,0.8017282765242438,1.0157062270541897,1
2007-04-25,0.8778902777777778,4.602,0.11439999999999999,0.0,0.14288493337224006,0.8571150666277599,1.0129050007494145,3
2007-04-26,0.8857402777777778,5.394,0.11361527777777777,0.12814556716995743,0.17857142857142858,0.693283004258614,0.9986743406825587,0
2007-04-27,0.7599527777777778,4.658,0.11245,0.25053018521136716,0.07705358405202885,0.672416230736604,1.187816325782007,0
2007-05-01,1.1554569444444445,6.096,0.12611666666666668,0.2956592351985826,0.07345341798316846,0.630887346818249,0.9635293409750224,0
2007-05-02,0.6968652777777777,5.76,0.11117500000000001,0.0013330794134450582,0.2837554751475909,0.714911445438964,0.9582296863413707,2
2007-05-03,0.7571097222222223,4.712,0.10482083333333334,0.16621609836923346,0.15043167349786343,0.6833522281329031,1.0613267052147062,0
2007-05-04,0.6931444444444445,5.702,0.12134722222222223,0.33284219832031825,0.07926919110063356,0.5878886105790482,1.2848561154292921,0
2007-05-05,1.0854527777777778,5.642,0.12090416666666667,0.17433718355377342,0.14920102938536117,0.6764617870608653,0.9545227529900644,0
2007-05-06,1.4597944444444444,6.126,0.12662222222222222,0.22547163195174977,0.0665544568342801,0.7079739112139701,0.7650671925789054,0
2007-05-07,1.1414333333333333,7.572,0.11730416666666667,0.061773540551129685,0.32225414653258455,0.6159723129162857,1.0265964093284874,2
2007-05-08,1.2425638888888888,7.672,0.12611944444444445,0.29806753855162993,0.1308478105276856,0.5710846509206845,0.9398479551295533,0
2007-05-09,1.1567611111111111,6.356,0.12741944444444445,0.16652872041052805,0.31071014732660157,0.5227611322628704,0.992883166404105,2
2007-05-10,0.4915861111111111,4.276,0.11688472222222222,0.19953596287703015,0.11263446530267876,0.687829571820291,1.2616897979148047,0
2007-05-11,0.6799680555555555,4.724,0.09173333333333333,0.11739350912778905,0.06224645030425963,0.8203600405679513,0.9968712634976371,1
2007-05-12,1.0010875000000001,7.172,0.14525833333333332,0.16365622723962125,0.07829570284049527,0.7580480699198835,0.999793192390804,0
2007-05-13,1.1352347222222223,5.562,0.15324305555555554,0.24105712760277628,0.16110517885744793,0.5978376935397758,0.9269781671304654,0
2007-05-14,1.0192930555555555,5.62,0.2073277777777778,0.2858685868586859,0.21755175517551756,0.49657965796579656,1.087267689638159,0
2007-05-15,0.62805,4.228,0.07720972222222222,0.0,0.07125392944463849,0.9287460705553615,0.7411187108968174,1
2007-05-16,1.1756555555555555,5.64,0.09437083333333333,0.12982517892760764,0.33767452774844536,0.532500293323947,0.8539981770853636,2
2007-05-17,0.8554277777777778,5.81,0.09110277777777777,0.09411546315203267,0.19240764804158159,0.7134768888063857,0.9322825457173435,1
2007-05-18,1.1330069444444444,6.126,0.11892916666666667,0.21373946009543107,0.2557683508726061,0.5304921890319628,0.9943620200130199,2
2007-05-19,0.9926680555555556,4.524,0.11656805555555556,0.38275439313445037,0.04331834899877401,0.5739272578667757,0.9199336635179411,0
2007-05-20,1.3668944444444444,5.344,0.13023055555555557,0.36710918450284474,0.11738011379030074,0.5155107017068545,0.9157669239894425,0
2007-05-21,0.7778208333333333,4.572,0.08144444444444444,0.0,0.0491183879093199,0.9508816120906801,0.792590643888504,1
2007-05-22,0.7867027777777779,5.328,0.089525,0.10483053710167774,0.4465713320572008,0.4485981308411215,1.192240008073192,2
2007-05-23,1.0173166666666666,5.432,0.11519305555555555,0.07429859330069169,0.29470739100023313,0.6309940156990752,0.7951552958360205,2
2007-05-24,0.8016583333333333,5.462,0.0941388888888889,0.09728022817561373,0.41927269023123154,0.48344708159315475,1.180524865510198,2
2007-05-25,1.1209861111111112,6.98,0.12124166666666666,0.5307869608165954,0.03859071452090879,0.4306223246624959,1.2034783756008265,0
2007-05-26,1.0501722222222223,4.974,0.12100000000000001,0.17251908396946564,0.20021810250817884,0.6272628135223555,0.8537334397560689,0
2007-05-27,1.4957,6.776,0.15270416666666667,0.21460872984663784,0.272021234762092,0.5133700353912701,0.9441215975841042,2
2007-05-28,1.1371305555555555,5.798,0.10493055555555555,0.3116403202627797,0.03236843906110997,0.6559912406761104,0.8641513678343969,0
2007-05-29,0.7370416666666666,4.226,0.07864166666666667,0.0,0.30565795800609075,0.6943420419939093,0.9274780371278682,3
2007-05-30,1.1179625,6.124,0.10212361111111111,0.140607424071991,0.37170353705786774,0.48768903887014126,0.8892784301330571,2
2007-05-31,0.6517708333333333,4.5,0.08999027777777778,0.18835616438356165,0.09609186140209508,0.7155519742143432,1.0044436987357332,0
2007-06-01,0.7259513888888888,5.354,0.09954513888888888,0.0,0.05928562661102246,0.9407143733889776,0.7984834739659301,1
2007-06-02,1.0308069444444445,6.602,0.11535277777777778,0.30893107203983194,0.09724599346506924,0.5938229344950988,0.9749911824918086,0
2007-06-03,1.4639069444444444,6.79,0.12670694444444444,0.23911166538756715,0.36113775901765155,0.3997505755947813,0.94530551755802,2
2007-06-04,0.6330680555555556,4.452,0.15499444444444446,0.227926373310325,0.12021857923497267,0.6518550474547024,1.0222455166175604,0
2007-06-05,1.0131194444444445,5.518,0.17756388888888888,0.3749477381051927,0.08587674554728657,0.5391755163475207,0.9136788838448756,0
2007-06-06,1.1776479166666667,5.326,0.16059097222222224,0.21025381992675843,0.05234246748326809,0.7374037125899735,0.7778118083627702,0
2007-06-07,0.6840291666666667,3.682,0.11967638888888889,0.1745525429735956,0.1238702817650186,0.7015771752613857,0.8339439167682192,3
2007-06-08,1.491698611111111,7.614,0.1595361111111111,0.10925484991607791,0.44654358093602403,0.44420156914789805,1.018245974233168,2
2007-06-09,0.7675416666666667,4.548,0.16193888888888888,0.10152526215443279,0.07387988560533841,0.8245948522402288,0.7487137144556475,3
2007-06-10,0.9311194444444444,5.842,0.1660361111111111,0.34701461722685606,0.15889008175737054,0.49409530101577337,1.023839698701211,0
2007-06-11,0.5518430555555556,5.044,0.13516250000000002,0.0,0.08374892519346518,0.9162510748065348,0.9794708968929885,3
2007-06-12,0.6380319444444444,6.092,0.1502888888888889,0.3008792965627498,0.0759392486011191,0.6231814548361311,1.16345133510865,0
2007-06-13,0.643938888888889,4.652,0.144625,0.13613086770981508,0.12190611664295875,0.7419630156472262,0.9966983679221072,0
2007-06-14,0.8743638888888889,6.476,0.1609,0.2652718997045436,0.17144454204264153,0.5632835582528148,1.3045195597063337,0
2007-06-15,0.687225,5.376,0.1748347222222222,0.20956867091530434,0.37046273205874203,0.4199685970259536,1.2724782757931243,0
2007-06-16,1.4012236111111112,4.928,0.21358194444444445,0.1740672135485578,0.2380523948134427,0.5878803916379994,0.8124656430840255,0
2007-06-17,1.3521458333333334,6.436,0.1665375,0.23044255699597677,0.2815154224407689,0.48804202056325435,0.932308749535299,2
2007-06-18,0.47116250000000004,4.638,0.1255625,0.0,0.11090146750524109,0.8890985324947589,1.1415324197809686,3
2007-06-19,0.5870180555555555,5.202,0.13067083333333332,0.16502713704206243,0.091078697421981,0.7438941655359566,1.0388968972992805,0
2007-06-20,0.7460319444444445,6.496,0.1578486111111111,0.18625066102591223,0.2737176097303014,0.5400317292437864,1.266088625968628,0
2007-06-21,0.5603791666666667,6.522,0.15454583333333333,0.13232997302285956,0.34076387902882294,0.5269061479483175,1.306270430256021,2
2007-06-22,0.3932597222222222,4.22,0.14480972222222224,0.0,0.21452740807579518,0.7854725919242048,1.0403895612223615,3
2007-06-23,0.33164305555555557,2.926,0.13411111111111113,0.0,0.2465495608531995,0.7534504391468005,1.0567727027291374,3
2007-06-24,0.49628888888888884,3.34,0.12455694444444444,0.0,0.1865566037735849,0.8134433962264151,0.917617288396916,3
2007-06-25,0.7445847222222223,7.164,0.13699305555555558,0.1904624832085972,0.3474381116868164,0.46209940510458647,1.417108952308631,2
2007-06-26,0.6561861111111111,7.29,0.12668055555555555,0.12884819532908706,0.17701698513800423,0.6941348195329087,1.322978949300848,0
2007-06-27,1.0283513888888889,7.436,0.1437486111111111,0.15945846606223965,0.3951850036755697,0.44535653026219063,1.3112704207906878,2
2007-06-28,0.8996097222222222,6.2,0.15100416666666666,0.0,0.3140412682435833,0.6859587317564168,0.9771962132343669,2
2007-06-29,0.9058902777777778,5.188,0.14325208333333334,0.3689016656802232,0.05639638116174854,0.5747019531580282,1.1138445141794622,0
2007-06-30,0.9273013888888889,6.376,0.1308013888888889,0.24957027093394452,0.0648276991078006,0.6856020299582549,1.0353919344501172,0
2007-07-01,0.7129611111111112,2.966,0.11975555555555556,0.15152462861610633,0.11508991399530884,0.7333854573885848,0.8804782491826061,3
2007-07-02,0.67155,6.694,0.1228638888888889,0.10447454844006568,0.5419745484400657,0.35355090311986864,1.5414864396457097,2
2007-07-03,0.73605,6.702,0.1252347222222222,0.05575453677172875,0.38371537726838584,0.5605300859598854,1.2742120771315888,2
2007-07-04,0.6968125,5.346,0.1759263888888889,0.22880440121819431,0.21789959720994204,0.5532960015718636,1.2318723085187737,0
2007-07-05,0.7342291666666666,5.564,0.17133055555555557,0.3812133072407045,0.1004566210045662,0.5183300717547293,1.2290479166769623,0
2007-07-06,0.7427250000000001,7.24,0.1523263888888889,0.2718876274773908,0.3427939195689821,0.3853184529536271,1.5002264110016001,0
2007-07-07,0.943198611111111,6.962,0.14864166666666667,0.07010758737078968,0.21426060052035723,0.7156318121088531,0.9510959554632412,2
2007-07-08,0.7563055555555555,6.17,0.13674999999999998,0.18373099768448606,0.28500956407933153,0.5312594382361824,1.0710597281941436,2
2007-07-09,0.8195541666666666,5.914,0.1197375,0.08465559937631845,0.05448041823351371,0.8608639823901678,0.9758985745991342,1
2007-07-10,0.6307805555555556,6.284,0.12239166666666666,0.009675090252707581,0.3215884476534296,0.6687364620938628,1.3724013186116135,2
2007-07-11,0.5016333333333333,4.166,0.10684444444444444,0.14612726749208177,0.09314713504175065,0.7607255974661675,1.2006628101915986,3
2007-07-12,0.7427652777777779,5.822,0.14520694444444446,0.10292058411682337,0.2550510102020404,0.6420284056811363,1.311703179169841,0
2007-07-13,0.5516541666666667,5.456,0.14353749999999998,0.0,0.125098814229249,0.8749011857707509,0.9808229235696514,3
2007-07-14,0.8945625,4.874,0.17947916666666666,0.3057422855754434,0.15939094516886693,0.5348667692556897,1.1189275814513442,0
2007-07-15,0.7165322109083577,3.71,0.1898997882851094,0.12102370732881383,0.09484937221709655,0.7841269204540896,0.9034120115537241,3
2007-07-16,0.5928291666666666,4.35,0.16247222222222224,0.14558849324679882,0.12190843711629538,0.7325030696369058,0.9390113317882962,0
2007-07-17,0.49974444444444444,3.67,0.12228333333333333,0.17387738363748206,0.14230059462784497,0.683822021734673,1.2226378912066949,0
2007-07-18,0.5257513888888888,5.104,0.10869027777777779,0.14642396907216496,0.10808634020618557,0.7454896907216495,1.2805044778246961,0
2007-07-19,0.47075416666666664,4.222,0.12986944444444445,0.21791471128341156,0.14344011426239542,0.638645174454193,1.1324375304794043,0
2007-07-20,0.771126388888889,5.686,0.15494305555555554,0.2271357865289434,0.26016785022595224,0.5126963632451044,1.0718633829273032,0
2007-07-21,0.7362833333333334,4.724,0.1639986111111111,0.04921803127874885,0.05887764489420423,0.8919043238270469,0.902013786633393,3
2007-07-22,0.9564895833333333,6.596,0.15188819444444443,0.47908925072630226,0.1443145733396392,0.37659617593405853,1.2782153636799654,0
2007-07-23,0.6882069444444444,5.518,0.09984027777777779,0.25385062481836673,0.18715489683231618,0.558994478349317,1.1744740085509122,0
2007-07-24,0.5731138888888889,3.052,0.07834027777777777,0.0,0.22300860394116015,0.7769913960588398,1.0742366917507595,3
2007-07-25,0.32816666666666666,3.946,0.0751625,0.0,0.0607890499194847,0.9392109500805152,1.1500340355695786,3
2007-07-26,0.6420138888888889,5.476,0.079925,0.10888988161715435,0.40574045119499663,0.485369667187849,1.335606785629969,2
2007-07-27,0.8350791666666666,4.608,0.08365,0.2031405507022006,0.005418555789008073,0.7914408935087913,0.9553129497190676,1
2007-07-28,1.1262930555555557,5.802,0.12411805555555555,0.051153347244938245,0.5789295584005414,0.36991709435452036,1.0897968994996057,2
2007-07-29,0.2229972222222222,1.298,0.08234444444444444,0.0,0.0,1.0,1.049530236190945,3
2007-07-30,0.3241777777777778,4.1,0.08992499999999999,0.0,0.0,1.0,1.2159407266428877,3
2007-07-31,0.5641194444444444,3.848,0.10124027777777778,0.4782545242265032,0.0,0.5217454757734968,1.2952541772493227,0
2007-08-01,0.7528979166666667,3.71,0.10052847222222222,0.13677798418801573,0.0,0.8632220158119843,0.9817264288113957,3
2007-08-02,0.7079277777777778,3.596,0.1006625,0.06556931029791865,0.0,0.9344306897020813,0.9905969965540011,3
2007-08-03,0.7384472222222223,4.548,0.087075,0.09487966722788947,0.0,0.9051203327721106,0.8846129468917319,1
2007-08-04,0.7951319444444445,3.64,0.09668472222222223,0.06191117092866756,0.044638851502916105,0.8934499775684164,0.896615083800991,3
2007-08-05,0.5465958333333333,4.294,0.10503749999999999,0.024794600938967137,0.0,0.9752053990610329,1.1309797945862228,3
2007-08-06,0.75675,5.146,0.10724583333333333,0.12069155379363507,0.0,0.879308446206365,1.1232133952674417,1
2007-08-07,1.0302638888888889,4.778,0.0910986111111111,0.037520391517128875,0.1861423542543144,0.7763372542285567,0.7879186811476397,1
2007-08-08,0.7815847222222222,5.702,0.08270555555555556,0.08921021478099103,0.09394554371723321,0.8168442415017757,1.111204590582535,1
2007-08-09,0.7442222222222222,6.332,0.07602361111111111,0.016045137970554527,0.3980428458079873,0.5859120162214582,1.3428299241947803,2
2007-08-10,0.7138958333333333,5.572,0.08170555555555556,0.029803086748270355,0.23514280645733546,0.7350541067943942,1.212988924974469,3
2007-08-11,0.7580902777777778,5.602,0.08039583333333333,0.09493925496821949,0.07321586611955909,0.8318448789122214,1.0417378848587817,1
2007-08-12,0.8624333333333334,7.548,0.08873333333333333,0.10339747721204309,0.10643587146671578,0.7901666513212411,1.366615592706499,0
2007-08-13,0.8007027777777778,3.36,0.09093055555555556,0.007969151670951156,0.04078834618680377,0.951242502142245,0.8193668483468558,3
2007-08-14,0.6536041666666667,5.534,0.09167361111111111,0.12050177394830208,0.08679675620881906,0.7927014698428788,1.2385688424158228,0
2007-08-15,0.8276805555555555,6.508,0.11094722222222222,0.03178783033950908,0.047775792344587606,0.9204363773159033,1.0711447993097742,1
2007-08-16,0.6656222222222222,4.146,0.09134166666666667,0.11400805878170182,0.0,0.8859919412182982,1.1818170125148904,3
2007-08-17,0.7013138888888888,5.142,0.0884638888888889,0.030450517908398853,0.0,0.9695494820916012,1.3128075999305195,3
2007-08-18,0.24163888888888888,1.384,0.08280555555555555,0.0,0.0,1.0,1.164629813449337,3
2007-08-19,0.9877041666666667,6.63,0.11112361111111112,0.06436016576667085,0.5595880949390933,0.37605173929423585,1.3637459400539307,2
2007-08-20,0.929751388888889,5.084,0.10825,0.0671001300390117,0.45286085825747724,0.48003901170351104,0.9724844318644287,2
2007-08-21,0.44621944444444445,4.96,0.10924166666666667,0.0,0.011397720455908818,0.9886022795440912,1.2417366347496053,3
2007-08-22,0.8401444444444445,5.332,0.10714444444444446,0.25138144329896905,0.15142268041237114,0.5971958762886598,1.2826308118932266,0
2007-08-23,0.7724388888888888,5.17,0.10969027777777779,0.3087745279526101,0.0319634703196347,0.6592620017277552,1.098844058024145,0
2007-08-24,1.1503569444444444,8.694,0.1825215277777778,0.12107436693664564,0.24224477382591159,0.6366808592374428,1.022935244262692,2
2007-08-25,0.7992222222222223,6.796,0.18926944444444443,0.3452321517723415,0.18230986853053752,0.472457979697121,1.3175049357789361,0
2007-08-26,0.9131291666666667,8.166,0.2079083333333333,0.14210623386204352,0.33613057912209515,0.5217631870158613,1.244369309244143,2
2007-08-27,0.8414791666666667,5.194,0.20769722222222223,0.233346831342377,0.1244178983599919,0.6422352702976311,1.1375680632974376,0
2007-08-28,0.6923638888888889,4.104,0.12577361111111113,0.11547446879519413,0.27455779285793747,0.6099677383468683,1.1060899055235418,0
2007-08-29,0.5194388888888889,4.292,0.1218236111111111,0.14834909316385056,0.08711827623624244,0.764532630599907,1.2427312913809128,0
2007-08-30,0.8350402777777778,5.018,0.13267222222222222,0.35978537136402144,0.24286924597571308,0.3973453826602655,1.2791609129216477,0
2007-08-31,0.8887652777777777,5.164,0.1300388888888889,0.11316484345529988,0.06280648811769143,0.8240286684270087,0.9477486984047335,1
2007-09-01,1.1815875,4.934,0.20128194444444444,0.19509336666927105,0.04445659817173216,0.7604500351589968,0.8344600462881977,0
2007-09-02,1.1544916666666667,5.306,0.16083194444444446,0.2574095183813052,0.1152037617554859,0.6273867198632089,0.9193773981838858,0
2007-09-03,0.7214736111111111,5.002,0.1308486111111111,0.07341293297080033,0.297316467667573,0.6292705993616267,1.1681366677262266,2
2007-09-04,1.1006555555555555,5.868,0.12474027777777778,0.1801846153846154,0.21544615384615384,0.6043692307692308,0.9721732164509834,0
2007-09-05,0.8587305555555554,7.98,0.10337777777777778,0.0,0.3819706885427228,0.6180293114572771,1.2375368618044784,2
2007-09-06,0.6260236111111112,5.748,0.11946250000000001,0.0,0.5290515716424004,0.47094842835759965,1.324292924024121,2
2007-09-07,0.9281222222222223,5.656,0.12620694444444444,0.26762950408960284,0.04060128214575197,0.6917692137646452,1.0562965001739366,0
2007-09-08,1.020661111111111,5.896,0.12939583333333335,0.23343120805369127,0.12590883668903805,0.6406599552572707,1.0105605364943244,0
2007-09-09,1.1663208333333333,5.69,0.14524444444444443,0.13774834437086092,0.27991169977924946,0.5823399558498896,0.9875857275274721,2
2007-09-10,0.7759555555555555,6.106,0.1232625,0.13089738205235896,0.08329833403331934,0.7858042839143217,1.359365724864781,0
2007-09-11,0.6830361111111111,4.736,0.10539166666666668,0.12944406314344545,0.07549759780370624,0.7950583390528483,1.2672794865182664,0
2007-09-12,0.8942805555555555,6.18,0.1193013888888889,0.0,0.2932008749544295,0.7067991250455705,1.142076526706801,2
2007-09-13,0.7960986111111111,6.752,0.11524861111111111,0.1556085286716991,0.3341279300754867,0.5102635412528141,1.2236276177086596,2
2007-09-14,0.7885208333333333,5.246,0.12717083333333334,0.12207018019238586,0.09158650589351036,0.7863433139141037,0.9954187148962296,0
2007-09-15,0.7606333333333333,5.452,0.1281013888888889,0.0,0.18311639074939973,0.8168836092506003,0.9678866673001044,3
2007-09-16,1.1473777777777778,6.04,0.13357777777777777,0.20126516911954556,0.19777949909630776,0.6009553317841466,1.0498143939792977,0
2007-09-17,1.0147125,8.11,0.14049583333333332,0.48000866050808316,0.06683025404157043,0.45316108545034645,1.4515109233318617,0
2007-09-18,0.8107777777777778,5.242,0.102175,0.20209805180903448,0.21719117961892528,0.5807107685720403,1.1969003564183898,0
2007-09-19,0.9018638888888889,5.992,0.1054125,0.0,0.25683520599250936,0.7431647940074907,1.0680922907861363,2
2007-09-20,0.8718972222222222,6.148,0.09229722222222221,0.09149987002859371,0.042370678450740835,0.8661294515206654,1.094361453310775,1
2007-09-21,0.8602638888888888,6.406,0.10613472222222223,0.2567467804117792,0.22516610614387664,0.5180871134443442,1.3135438088049234,0
2007-09-22,0.8167861111111111,5.804,0.12738333333333332,0.0949411646384391,0.13185155385698483,0.7732072815045761,0.9652628003923368,1
2007-09-23,0.9847013888888889,5.098,0.16873194444444445,0.233157634656564,0.15887003788502718,0.6079723274584088,1.0765475158706845,0
2007-09-24,0.9406458333333333,6.81,0.13723888888888888,0.07247055152507996,0.30696622201419765,0.6205632264607224,1.249704451483504,2
2007-09-25,1.2252375,5.85,0.09033194444444445,0.070521210254831,0.1734544614673955,0.7560243282777735,0.8852437311035168,1
2007-09-26,1.271875,7.03,0.11763611111111111,0.06528849120641778,0.5832767664301142,0.35143474236346806,0.9831474694528719,2
2007-09-27,0.9670833333333333,5.786,0.10465972222222222,0.1180117347503598,0.0711834385032658,0.8108048267463744,1.0471880012698023,1
2007-09-28,1.1670125,7.244,0.15466527777777778,0.06789366053169735,0.25371506475800953,0.6783912747102931,0.977845236575388,2
2007-09-29,1.5948069444444444,7.592,0.12647361111111113,0.20702412325157105,0.37791404824650315,0.4150618285019258,0.8929809350613015,2
2007-09-30,1.0529791666666666,4.17,0.11360277777777777,0.1150507697346872,0.0476580412708811,0.8372911889944317,0.8666194059864121,1
2007-10-01,1.1950847222222223,7.624,0.10189861111111112,0.10696287884164951,0.47001206615089786,0.42302505500745263,0.972976480897134,2
2007-10-02,1.526988888888889,6.034,0.11238055555555555,0.023799484656828296,0.3758257203092059,0.6003747950339658,0.6973737410639727,2
2007-10-03,0.8892041666666667,5.604,0.10954027777777778,0.10097988653945332,0.5182052604435275,0.38081485301701906,1.062041697535292,2
2007-10-04,1.0544847222222222,6.446,0.09614444444444445,0.19117412776804205,0.03536721363708778,0.7734586585948702,0.9697829928180284,0
2007-10-05,0.9681194444444445,5.038,0.10460833333333333,0.0,0.03590425531914894,0.964095744680851,0.7703373106393222,1
2007-10-06,1.2196111111111112,6.252,0.1293,0.32586009560358176,0.023362283713727866,0.6507776206826904,0.8481792627555688,0
2007-10-07,1.4625791666666668,6.16,0.10637361111111111,0.11543971532880447,0.38148712971948795,0.5030731549517076,0.9239257450085823,2
2007-10-08,0.7605847222222222,5.372,0.08465,0.0,0.07633587786259542,0.9236641221374046,0.9734912788360783,1
2007-10-09,1.172123611111111,6.796,0.1109736111111111,0.15099101774181575,0.15937940761636107,0.6896295746418232,1.0358039328226032,0
2007-10-10,0.8103972222222222,6.722,0.09218888888888889,0.2543344709897611,0.2890102389078498,0.4566552901023891,1.2696693709342313,2
2007-10-11,1.2030874999999999,6.426,0.106325,0.2423963133640553,0.03815668202764977,0.7194470046082949,1.0302713673564132,0
2007-10-12,1.3295166666666667,5.688,0.09582222222222223,0.05760433726774722,0.28395549782571866,0.6584401649065341,0.9080372198133948,2
2007-10-13,1.3380055555555557,9.036,0.08694722222222222,0.07323709470183659,0.2871287128712871,0.6396341924268762,1.097007590503147,2
2007-10-14,1.431425,7.884,0.1042013888888889,0.16695156695156696,0.427008547008547,0.40603988603988606,0.913909953164529,2
2007-10-15,0.8793958333333333,4.846,0.08207083333333333,0.11718577424342833,0.03744201457919152,0.8453722111773802,0.9795364526659501,1
2007-10-16,1.3641958333333333,7.152,0.1287597222222222,0.0,0.44351157942187414,0.5564884205781259,0.9020928825928787,2
2007-10-17,1.0950902777777778,6.9,0.09472222222222222,0.10156399008201411,0.04320045775319473,0.8552355521647912,0.9176280381918475,1
2007-10-18,1.054534722222222,5.78,0.08506944444444445,0.1024420347350789,0.027946751300361457,0.8696112139645596,0.9316811485681401,1
2007-10-19,1.4483666666666668,6.192,0.08435972222222222,0.08082882210192271,0.1943874058863792,0.7247837720116981,0.7953775642522407,1
2007-10-20,1.1529486111111111,5.57,0.09690555555555556,0.14876605389070763,0.018635104507680685,0.8325988416016117,0.7683760138556534,1
2007-10-21,1.3485694444444445,7.44,0.10696388888888889,0.24132102457417762,0.2832531530360161,0.47542582238980624,1.0293892842395005,2
2007-10-22,1.1478444444444444,5.326,0.08084027777777777,0.0,0.022437340537295514,0.9775626594627045,0.598463862140746,1
2007-10-23,1.3608972222222222,8.498,0.08892083333333332,0.0629090265904133,0.30741111962738044,0.6296798537822063,0.9779300043268695,2
2007-10-24,1.2955805555555555,5.826,0.10193194444444445,0.31991677428612425,0.026115655043765246,0.6539675706701105,0.9942372803994258,0
2007-10-25,1.2874430555555554,6.544,0.09180555555555554,0.130842776203966,0.21538597733711048,0.6537712464589235,1.019967989416703,2
2007-10-26,0.9983111111111111,5.802,0.07616388888888889,0.0,0.05691854759568204,0.943081452404318,0.8017683878700802,1
2007-10-27,1.2400611111111113,6.678,0.07582361111111112,0.09051979708808222,0.3199156729692338,0.5895645299426839,1.1075980592657506,2
2007-10-28,0.3556652777777778,1.516,0.06409583333333334,0.0,0.13818359375,0.86181640625,0.8304097720745071,3
2007-10-29,0.37876944444444444,1.606,0.06041527777777778,0.0,0.08913187541418158,0.9108681245858185,0.886151473777009,3
2007-10-30,0.5632,7.922,0.06238888888888889,0.0,0.31255047649814244,0.6874495235018575,1.4723088455092748,2
2007-10-31,0.8911180555555556,6.206,0.07444444444444445,0.0,0.34520749173705473,0.6547925082629453,1.1392588197929974,2
2007-11-01,0.3445944444444444,1.444,0.05905972222222223,0.0,0.12828371278458844,0.8717162872154116,0.8443777143564919,3
2007-11-02,1.002501388888889,5.582,0.06483472222222222,0.08569973258627277,0.1346619126448491,0.7796383547688781,0.9530102041634564,1
2007-11-03,0.3420486111111111,1.504,0.06119722222222222,0.0,0.12714156898106402,0.872858431018936,0.8381034157298161,3
2007-11-04,1.0317263888888888,5.506,0.09639027777777777,0.0,0.38297686599738107,0.617023134002619,1.2546101475434734,2
2007-11-05,1.0420777777777779,3.844,0.09121527777777777,0.15342631898120074,0.048150394178289875,0.7984232868405094,0.7492471863255671,1
2007-11-06,1.4460958333333334,5.844,0.13925416666666668,0.06383593298671288,0.31860196418255343,0.6175621028307337,0.7518645033903686,2
2007-11-07,1.2810819444444446,6.456,0.1343888888888889,0.430314927029103,0.025689169582657677,0.5439959033882393,1.006070397898845,0
2007-11-08,1.0424027777777778,6.46,0.09354027777777778,0.2010786727635127,0.03681557040684723,0.7621057568296401,1.0135735133735004,0
2007-11-09,1.5077958333333334,7.046,0.07864027777777778,0.0,0.2292460397032284,0.7707539602967716,0.7418781107496133,1
2007-11-10,1.813611111111111,6.622,0.1650361111111111,0.2080706888788834,0.017109410175596577,0.77481990094552,0.7826448150091924,0
2007-11-11,1.3105027777777778,9.326,0.12889583333333335,0.351925630810093,0.032689753805291655,0.6153846153846154,0.9113714727452351,0
2007-11-12,1.4973236111111112,8.026,0.09546388888888888,0.05513431542461005,0.22557409012131716,0.7192915944540728,0.8446635468612059,2
2007-11-13,1.537776388888889,8.848,0.09788333333333334,0.057573438511803146,0.2903985400600459,0.652028021428151,0.9582578764347054,2
2007-11-14,1.4222180555555555,4.604,0.0983263888888889,0.059621361966657245,0.016671376094942073,0.9237072619384007,0.6186340723876904,1
2007-11-15,1.0361027777777778,4.874,0.09240694444444444,0.16590909090909092,0.058987603305785126,0.775103305785124,0.9702367423856728,1
2007-11-16,1.6039958333333333,6.606,0.08609583333333333,0.09849121939154093,0.23052188968587684,0.6709868909225822,0.7778115279724934,2
2007-11-17,1.8125652777777779,6.498,0.1166875,0.13085907872781513,0.11118976588966982,0.757951155382515,0.7953844473863022,1
2007-11-18,1.5165680555555556,6.41,0.11233472222222222,0.36208576998050684,0.14598997493734336,0.4919242550821498,0.9379891932582537,0
2007-11-19,1.1969819444444445,6.078,0.07779861111111111,0.0900595434998346,0.02092292424743632,0.8890175322527291,0.9346616499853517,1
2007-11-20,1.4554555555555557,6.26,0.08668888888888888,0.06345733041575492,0.24720225070334478,0.6893404188809003,0.817978556428847,2
2007-11-21,1.2187916666666667,5.954,0.09138750000000001,0.10219534050179212,0.049193548387096775,0.8486111111111111,0.8639422993771907,1
2007-11-22,1.3419291666666666,7.96,0.09938055555555556,0.23567612001644062,0.024414303329223182,0.7399095766543362,0.9721418533974959,0
2007-11-23,1.7518180555555556,7.308,0.09646666666666667,0.09839339203049832,0.2805210129799401,0.6210855949895616,0.8218197493552203,2
2007-11-24,1.3187875,6.068,0.10452222222222222,0.08211955103106239,0.21566170712607674,0.7022187418428608,0.835735206877493,2
2007-11-25,0.9691652777777777,6.456,0.08526111111111111,0.37380426784400295,0.0293282876064333,0.5968674445495638,1.1458929493176406,0
2007-11-26,1.0900805555555555,6.34,0.08128472222222222,0.10561056105610561,0.027955736750145604,0.8664337021937488,0.9290492173317413,1
2007-11-27,1.9451472222222224,7.212,0.09721805555555556,0.039089505037876005,0.405236449216739,0.555674045745385,0.738523578891198,2
2007-11-28,1.1423194444444444,5.75,0.08016805555555556,0.12109415018952976,0.07878291158692757,0.8001229382235426,0.8845286020483757,1
2007-11-29,1.1940680555555556,5.144,0.0824375,0.18244699964067554,0.02542220625224578,0.7921307941070787,0.8704720151414647,1
2007-11-30,1.6192555555555557,7.446,0.10227777777777777,0.0,0.3686287252808467,0.6313712747191533,0.7815252358535486,2
2007-12-01,2.1770430555555556,7.738,0.20061944444444443,0.3395267818260996,0.012810277253592683,0.6476629409203077,0.7360866359589257,0
2007-12-02,2.045963888888889,8.594,0.22575138888888888,0.10641006058754646,0.35206965022147546,0.541520289190978,0.6942956242077212,2
2007-12-03,1.2236527777777777,6.33,0.09160694444444444,0.09614088304684867,0.025193798449612403,0.8786653185035389,0.7911699712687427,1
2007-12-04,1.4358583333333332,7.448,0.10070555555555555,0.0657100188299461,0.37841698591000583,0.5558729952600481,1.0270832764455566,2
2007-12-05,1.4952222222222222,7.604,0.1238875,0.2338070511068598,0.02015578026783274,0.7460371686253074,0.8301161002383385,0
2007-12-06,1.7277319444444446,6.838,0.11245555555555556,0.279849207751664,0.01873122459798551,0.7014195676503505,0.7487353287961107,0
2007-12-07,1.2284833333333334,7.154,0.10252777777777777,0.031804323725055435,0.2570676274944568,0.7111280487804879,0.8505379772445039,2
2007-12-08,1.5370861111111112,6.222,0.10718055555555556,0.07184527584020292,0.1492707672796449,0.7788839568801522,0.915272583521538,1
2007-12-09,1.5795722222222222,8.054,0.1395388888888889,0.2723715105661362,0.15836159666057917,0.5692668927732847,1.0518811923645286,0
2007-12-10,1.2213569444444443,7.312,0.08681388888888888,0.11406686678397682,0.028775489079805403,0.8571576441362178,0.93020430800096,1
2007-12-11,1.6007666666666664,6.56,0.09284583333333334,0.0596353722951099,0.21678877719089,0.7235758505140001,0.7318756653350764,2
2007-12-12,1.1028208333333334,5.256,0.08117083333333333,0.12569558101472994,0.027714129841789416,0.8465902891434807,0.8542832316167548,1
2007-12-13,1.2831569444444446,6.1,0.07742361111111111,0.09623102425405688,0.1263304833362415,0.7774384924097016,0.8973163166562889,1
2007-12-14,1.3713944444444444,9.224,0.1246875,0.05514912774338773,0.21660101294316264,0.7282498593134497,0.8828821086607314,2
2007-12-15,1.9006083333333335,8.784,0.1094625,0.08657261747691058,0.18710037552014616,0.7263270070029433,0.7615221877808357,2
2007-12-16,1.9182069444444443,7.908,0.08815138888888889,0.18313641245972073,0.12250268528464017,0.6943609022556391,0.6958398358712039,2
2007-12-17,1.2489555555555556,6.796,0.07306666666666667,0.13144785473244416,0.019524345171139323,0.8490278000964165,1.0029884783101506,1
2007-12-18,1.8216625,7.226,0.10005555555555556,0.062298901586597136,0.32231221568845003,0.6153888827249528,0.7866224379628362,2
2007-12-19,1.5250361111111113,5.892,0.07592777777777777,0.07919075144508671,0.17071290944123313,0.7500963391136801,0.766581976457719,1
2007-12-20,1.353998611111111,5.552,0.08294027777777778,0.1182043619253513,0.01754943727347873,0.86424620080117,0.7099640265208865,1
2007-12-21,1.3767888888888888,6.486,0.0739375,0.08730391438205541,0.014660606949127694,0.8980354786688169,0.7459873013577984,1
2007-12-22,1.8133777777777778,8.526,0.09813472222222222,0.18149415454804677,0.2162341982701264,0.6022716471818268,0.8416502430730989,2
2007-12-23,1.67295,9.686,0.12241111111111111,0.11577772556390978,0.18156719924812031,0.7026550751879699,0.8584989388532273,2
2007-12-24,1.56795,6.382,0.10399583333333333,0.15190066663274135,0.11785659762861941,0.7302427357386393,0.7959441893537502,1
2007-12-25,1.8715055555555555,6.756,0.105425,0.2692488262910798,0.19765258215962442,0.5330985915492957,0.7805328906037413,2
2007-12-26,1.7918611111111113,6.394,0.09744027777777778,0.08299655740158658,0.20752881305193832,0.7094746295464751,0.621680530333382,2
2007-12-27,1.7584708333333332,7.924,0.1323486111111111,0.3037135278514589,0.1097848511641615,0.5865016209843796,0.814811039073067,0
2007-12-28,2.1618416666666667,9.59,0.1436111111111111,0.07512235838676633,0.32454376446484806,0.6003338771483856,0.884521943172337,2
2007-12-29,2.290941666666667,6.608,0.13881388888888888,0.21807359307359309,0.10975829725829726,0.6721681096681097,0.538920315777419,2
2007-12-30,1.777025,7.364,0.12391388888888889,0.17386468056294432,0.1739614063935774,0.6521739130434783,0.8580658932429608,2
2007-12-31,1.5392652777777778,6.158,0.10106666666666667,0.0,0.19722729347329987,0.8027727065267002,0.7784201003577077,1
2008-01-01,1.916484722222222,5.686,0.09896388888888889,0.14018798063229848,0.15602392480774707,0.7037880945599544,0.5351960569364437,1
2008-01-02,1.1417402777777779,5.6,0.07754583333333333,0.0,0.2561046271004056,0.7438953728995944,0.6980404486639995,1
2008-01-03,1.048686111111111,5.662,0.08415416666666667,0.130681161096334,0.0978374002544235,0.7714814386492425,0.864414869885346,1
2008-01-04,1.5915638888888888,6.324,0.09493472222222221,0.06774387248212238,0.2907363939079644,0.6415197336099132,0.780219932539358,2
2008-01-05,1.5161444444444445,5.326,0.08990555555555556,0.12436727486756916,0.01683343143025309,0.8587992937021778,0.7260493925906587,1
2008-01-06,1.2674888888888889,6.376,0.08122083333333333,0.1606865549652636,0.19983653453208008,0.6394769105026563,0.9181922785945011,2
2008-01-07,1.177648611111111,5.864,0.080675,0.10856372218476062,0.023769386378961564,0.8676668914362778,0.8849599581659691,1
2008-01-08,1.4191319444444443,7.296,0.08850833333333333,0.14173279143281078,0.2265015160312238,0.6317656925359654,0.9842756694148131,2
2008-01-09,1.2419722222222223,7.54,0.08703888888888889,0.11163416274377942,0.027284081083677587,0.861081756172543,0.8548696765805952,1
2008-01-10,1.3153305555555557,5.124,0.08368333333333333,0.11282803867403315,0.02460290055248619,0.8625690607734806,0.7264252618718242,1
2008-01-11,1.1845958333333333,4.692,0.06630833333333333,0.13206954335986595,0.030372852953498116,0.8375576036866359,0.7040725971416778,1
2008-01-12,1.9940333333333333,8.282,0.11300277777777777,0.2893797527287776,0.13558532926387667,0.5750349180073457,0.8252294272440576,2
2008-01-13,2.0042395833333333,6.922,0.10053124999999999,0.40094296015531106,0.021047117192074204,0.5780099226526147,0.7079005628051585,0
2008-01-14,1.4062027777777777,8.362,0.08340972222222222,0.3699906220693967,0.02119412316348859,0.6088152547671147,1.0627291821542388,0
2008-01-15,1.865911111111111,8.666,0.07857222222222222,0.03526175767687244,0.3103665960229066,0.6543716463002209,0.7291445232714181,2
2008-01-16,1.4832305555555554,5.312,0.08953472222222222,0.08310090824572695,0.245297861689194,0.671601230065079,0.7013686484248004,2
2008-01-17,1.0918625,6.0,0.08105416666666666,0.10055921709606551,0.03495106850409427,0.8644897143998402,0.806175226729804,1
2008-01-18,1.5187416666666667,5.55,0.08284027777777778,0.06131767775603392,0.050169009073118664,0.8885133131708474,0.6502723011876694,1
2008-01-19,1.3752125,6.33,0.0937375,0.15195901145268234,0.36491862567811933,0.4831223628691983,0.9577113997700514,2
2008-01-20,1.208588888888889,5.106,0.09625972222222222,0.25017618040873857,0.053558844256518676,0.6962649753347427,0.8371351852106054,0
2008-01-21,1.2909708333333334,5.36,0.085,0.0,0.03474082971449691,0.9652591702855031,0.7166282351569679,1
2008-01-22,1.6145958333333335,8.12,0.09962638888888888,0.23512234417480615,0.3846541133823381,0.3802235424428557,1.031610377807445,2
2008-01-23,1.3071583333333334,5.306,0.07498888888888888,0.07509083568833266,0.026039563988696002,0.8988696003229714,0.6565673451690135,1
2008-01-24,1.142376388888889,5.54,0.07243472222222222,0.15036674816625917,0.043466449334419996,0.8061668024993208,0.9126092066705932,1
2008-01-25,1.5554555555555558,5.522,0.08307361111111111,0.0,0.1750542299349241,0.824945770065076,0.6034698493754167,1
2008-01-26,1.9687416666666666,9.666,0.11695972222222221,0.23630169849342672,0.01492179253430573,0.7487765089722676,0.8151684316883204,0
2008-01-27,1.6540041666666667,10.162,0.09774861111111112,0.24983232729711602,0.25606975184439973,0.49409792085848425,0.8632388942568487,2
2008-01-28,1.6029138888888887,4.816,0.07488611111111111,0.08034332348388912,0.019698888419867736,0.8999577880962432,0.5928829398071145,1
2008-01-29,1.85835,7.962,0.08137222222222222,0.07925171880829292,0.33038426690827694,0.5903640142834301,0.7034476282513469,2
2008-01-30,1.1393375,6.134,0.08088194444444444,0.0,0.03469821855889391,0.9653017814411061,0.767441568039102,1
2008-01-31,1.3568902777777778,6.188,0.09553888888888888,0.1071855736498298,0.02456527739442451,0.8682491489557457,0.9022231240178971,1
2008-02-01,1.0657305555555556,6.56,0.12447916666666667,0.042764413898434515,0.03563701158202876,0.9215985745195368,0.7556935815680546,1
2008-02-02,2.0419770833333333,8.716,0.1607097222222222,0.2590866920935986,0.11396763220286568,0.6269456757035358,0.864542430336864,0
2008-02-03,1.4476166666666668,5.5,0.10674166666666667,0.15250558989872418,0.29166118637379984,0.555833223727476,0.8429236936692672,2
2008-02-04,1.130651388888889,5.108,0.07224583333333334,0.10608552631578948,0.023026315789473683,0.8708881578947368,0.8795154651740975,1
2008-02-05,1.7169833333333335,7.706,0.10610138888888888,0.04854540631355558,0.34499071535944825,0.6064638783269962,0.7937280841081137,2
2008-02-06,1.1594027777777778,5.764,0.07934722222222222,0.1939805468893375,0.03266654432005873,0.7733529087906038,0.9940277262475273,1
2008-02-07,1.0543819444444444,5.796,0.07549027777777778,0.0,0.035186068702290074,0.9648139312977099,0.9509108818214775,1
2008-02-08,1.3545583333333333,5.364,0.08270416666666666,0.07566001287830007,0.15462009014810046,0.7697198969735994,0.7321940684623697,1
2008-02-09,1.4599138888888887,5.912,0.10036666666666666,0.13503721757459983,0.18694420657400698,0.6780185758513931,0.836785613854153,2
2008-02-10,1.5171625,6.726,0.10537222222222221,0.16375838926174496,0.18887823585810162,0.6473633748801534,0.9555785516254035,2
2008-02-11,1.1750111111111112,5.864,0.07100416666666666,0.09936554416788677,0.028989751098096633,0.8716447047340166,0.9428915838880614,1
2008-02-12,1.3804152777777778,5.736,0.09093472222222222,0.12553896144472912,0.1159782540773605,0.7584827844779104,0.7552857234321657,1
2008-02-13,1.319790277777778,5.484,0.08922083333333333,0.1844964632100926,0.26361846423102164,0.5518850725588857,0.8522602652727019,2
2008-02-14,1.1143208333333334,5.564,0.07892083333333333,0.11937557392102846,0.02672176308539945,0.8539026629935721,0.82559217659115,1
2008-02-15,1.3925055555555557,6.916,0.07496666666666667,0.06825035386793034,0.10603729460274479,0.8257123515293249,0.8144003193134837,1
2008-02-16,1.6298249999999999,4.92,0.09652361111111112,0.07156634519454606,0.1569670768207516,0.7714665779847023,0.7874315946363747,1
2008-02-17,1.3426166666666666,6.116,0.08338611111111112,0.27698467966573814,0.1964658774373259,0.526549442896936,0.906012916657168,2
2008-02-18,1.0516694444444445,5.916,0.07081388888888888,0.0,0.02368818422046055,0.9763118157795394,0.9004317220404602,1
2008-02-19,1.477025,5.718,0.09553333333333335,0.1057216726618705,0.26478192446043164,0.6294964028776978,0.8069617526181262,2
2008-02-20,1.5651319444444445,8.136,0.13213055555555556,0.2165925925925926,0.3268740740740741,0.45653333333333335,0.9426652433577117,2
2008-02-21,1.1346180555555554,5.246,0.07796805555555555,0.0,0.0347678369195923,0.9652321630804077,0.8378668727560754,1
2008-02-22,1.2031694444444445,6.686,0.08450555555555556,0.08805553459594054,0.14977740888855354,0.7621670565155059,0.909467790479343,1
2008-02-23,1.2753708333333333,7.694,0.09201666666666666,0.1202170188463735,0.16062250142775558,0.7191604797258709,0.9732251171129551,2
2008-02-24,0.8770888888888889,4.94,0.07453611111111111,0.06016117449932179,0.026490066225165563,0.9133487592755126,0.9188516622760559,1
2008-02-25,0.35033888888888887,1.5,0.06369444444444444,0.0,0.14745062011943041,0.8525493798805696,0.8187832522767547,3
2008-02-26,0.3521666666666667,1.454,0.058743055555555555,0.0,0.1278162911611785,0.8721837088388215,0.8391433452654086,3
2008-02-27,0.39355555555555555,1.52,0.05983888888888889,0.0,0.09893778452200304,0.9010622154779969,0.8745456955232119,3
2008-02-28,0.35359999999999997,1.442,0.05781111111111111,0.0,0.12169770463404071,0.8783022953659593,0.8248666862009876,3
2008-02-29,0.9259361111111111,3.88,0.06176944444444444,0.0,0.3188001689902831,0.6811998310097169,0.9419150016428831,3
2008-03-01,0.7929694444444444,4.038,0.07302638888888889,0.0,0.32086761406133135,0.6791323859386686,0.7001407851925141,3
2008-03-02,0.8071013888888889,5.13,0.10049305555555556,0.0,0.6715328467153284,0.3284671532846715,1.0878986182473538,2
2008-03-03,0.7226041666666666,2.92,0.07939861111111111,0.0,0.5570418980312973,0.44295810196870267,0.6158463894085423,2
2008-03-04,1.1590208333333334,6.606,0.07566527777777778,0.09529259174486915,0.1863889524681468,0.7183184557869841,0.8417216570071807,1
2008-03-05,1.4147277777777778,8.336,0.09784583333333333,0.06951611923987615,0.5948029870681805,0.3356808936919434,1.1903972408628092,2
2008-03-06,1.7383388888888889,6.924,0.07373888888888888,0.12851882646395058,0.044185770281506116,0.8272954032545433,0.5077977764939701,1
2008-03-07,1.2937194444444444,6.686,0.08985555555555555,0.08989009389329645,0.2526384744158964,0.6574714316908072,0.9504101666083269,2
2008-03-08,1.5615694444444443,7.224,0.1646388888888889,0.41720315922214113,0.022964093714740823,0.559832747063118,0.9382729711511604,0
2008-03-09,1.083651388888889,5.83,0.09414861111111111,0.3674418604651163,0.04693446088794926,0.5856236786469344,0.9258328935825607,0
2008-03-10,1.1240875,5.38,0.08828055555555556,0.18202410075201594,0.033342393766422035,0.784633505481562,0.8813592861289307,1
2008-03-11,1.5278069444444444,8.662,0.10493055555555555,0.07018997128341065,0.21542964435608572,0.7143803843605037,0.8502211038736185,2
2008-03-12,1.2321055555555556,5.696,0.09596805555555554,0.07705008255365987,0.16331865712713264,0.7596312603192075,0.8779290914637335,1
2008-03-13,1.1635513888888889,7.778,0.08921805555555555,0.264918405455874,0.2914670780222457,0.44361451652188033,1.2715701368343013,2
2008-03-14,1.5348749999999998,6.096,0.11093611111111111,0.05068004344003724,0.2007033148885556,0.7486166416714072,0.6788268531520485,1
2008-03-15,1.0946527777777777,5.094,0.10723055555555557,0.2845347020754296,0.05601428252622183,0.6594510153983486,0.8333800663031702,0
2008-03-16,1.2513611111111111,6.728,0.12059166666666665,0.1680471711357574,0.039730450652814824,0.7922223782114278,0.9114948817854395,1
2008-03-17,1.1853597222222223,5.844,0.12171805555555555,0.014538286207108975,0.4097209388283127,0.5757407749645783,0.8368210171807225,2
2008-03-18,1.3316430555555556,6.766,0.10238888888888889,0.06524070207122298,0.22681866922512556,0.7079406287036515,0.7714260911434256,2
2008-03-19,0.9086444444444445,4.518,0.09895694444444444,0.24322766570605187,0.04737752161383285,0.7093948126801153,0.9836020661252612,0
2008-03-20,0.8703291666666667,4.492,0.08392638888888888,0.13410054512416716,0.057904300423985464,0.8079951544518473,0.9790866007929737,1
2008-03-21,1.4350291666666666,8.126,0.15543333333333334,0.10734770569620253,0.23625395569620253,0.6563983386075949,0.8568651974146316,2
2008-03-22,1.4260527777777778,6.086,0.12894444444444444,0.2036163040147104,0.03604045357033405,0.7603432424149555,0.8837585721785366,0
2008-03-23,1.6152708333333332,7.564,0.10586527777777778,0.2819614711033275,0.09484036104001077,0.6231981678566617,0.8583029452433784,0
2008-03-24,1.3724097222222222,6.978,0.09105277777777777,0.07995475592944752,0.4233501820366901,0.4966950620338624,0.885528810808041,2
2008-03-25,1.3999,6.62,0.08877222222222222,0.11567183395993202,0.18937013956841942,0.6949580264716485,0.8147932042128968,2
2008-03-26,1.1343555555555556,5.528,0.0927763888888889,0.1829084380610413,0.27511669658886895,0.5419748653500898,0.8481216964825741,2
2008-03-27,0.9519597222222222,4.754,0.0808611111111111,0.0,0.03796118575389209,0.9620388142461079,0.7642529174442266,1
2008-03-28,1.3093222222222223,5.33,0.09558333333333333,0.13277368511221518,0.20587059562560675,0.6613557192621781,0.927809588869623,2
2008-03-29,1.716076388888889,6.94,0.121575,0.2263264230498946,0.016470484891075193,0.7572030920590302,0.7455807912747092,1
2008-03-30,1.4905499999999998,5.634,0.12220138888888889,0.31279062558125115,0.08153016306032612,0.6056792113584227,0.8629422924018997,0
2008-03-31,0.9566458333333333,5.914,0.09087500000000001,0.10019285517494719,0.03774451281109376,0.862062632013959,0.9950655915465734,1
2008-04-01,1.4785083333333335,6.32,0.11833055555555555,0.048492202597636064,0.29917756505325604,0.6523302323491079,0.8670509655293195,2
2008-04-02,1.1747722222222223,5.322,0.09898611111111111,0.08661602318114182,0.2877280914715326,0.6256558853473255,0.8678501424598377,2
2008-04-03,0.7838583333333334,6.066,0.08419166666666666,0.0,0.05762665574218217,0.9423733442578178,0.9062026810435996,1
2008-04-04,1.1332763888888888,5.458,0.08701805555555556,0.1320415996038133,0.04797573356444224,0.8199826668317445,0.8251477428446025,1
2008-04-05,1.3685847222222223,5.354,0.14144722222222222,0.16787986473319194,0.05009457213274488,0.7820255631340631,0.7845220166986145,1
2008-04-06,1.1779986111111111,6.16,0.10456388888888889,0.09954831281551678,0.23160038969090427,0.668851297493579,0.9024969685227429,2
2008-04-07,1.0686375,5.228,0.09811111111111111,0.19270584487975792,0.05351170568561873,0.7537824494346234,0.9247736197462932,1
2008-04-08,1.8454972222222223,6.768,0.12789999999999999,0.08882003614768913,0.34575910147172734,0.5654208623805835,0.8547934801237742,2
2008-04-09,0.8464250000000001,6.398,0.09226666666666666,0.0,0.040089561786970894,0.9599104382130291,0.8789346746235326,1
2008-04-10,1.0262125,6.382,0.11366666666666667,0.3183016105417277,0.044607125427037576,0.6370912640312347,1.0111506176916762,0
2008-04-11,1.3039333333333334,6.082,0.0999236111111111,0.1071662206363366,0.02920011894142135,0.8636336604222421,0.6666749605921027,1
2008-04-12,1.9444541666666668,9.482,0.2724111111111111,0.2853225806451613,0.10076612903225807,0.6139112903225806,0.8407197042479266,0
2008-04-13,1.5506847222222222,6.342,0.14827361111111112,0.11877412454076175,0.2763335348556015,0.6048923406036367,0.7902341270206366,2
2008-04-14,1.1038763888888887,6.89,0.10760972222222222,0.0,0.03656857683703321,0.9634314231629668,0.8194640662442857,1
2008-04-15,1.1600041666666667,7.394,0.12415416666666668,0.07802738269307458,0.26571846337897115,0.6562541539279543,1.0202969049560955,2
2008-04-16,1.0340722222222223,4.48,0.08743333333333334,0.0667038127835708,0.03207832524078644,0.9012178619756428,0.6601247428137688,1
2008-04-17,0.9693486111111111,5.736,0.10130416666666665,0.1595507703731205,0.03870428810098385,0.8017449415258957,1.0714671173433357,0
2008-04-18,1.293326388888889,8.244,0.12822638888888888,0.12843386305901813,0.226383883736043,0.6451822532049388,0.9502684443483207,2
2008-04-19,1.565076388888889,5.354,0.1703361111111111,0.20090240952646757,0.11428970136756908,0.6848078891059634,0.7274500205204115,0
2008-04-20,1.2440402777777777,8.268,0.15823194444444447,0.06447574334898279,0.28444444444444444,0.6510798122065727,1.0807783558408168,2
2008-04-21,0.8084416666666666,4.152,0.12180555555555556,0.0,0.2825282739668111,0.7174717260331889,0.821824035728221,3
2008-04-22,1.1303305555555556,5.808,0.13413194444444446,0.05825883482330353,0.30557388852222955,0.6361672766544669,0.9745880291376742,2
2008-04-23,0.9425888888888889,4.678,0.13159861111111112,0.1342673671920607,0.04786923525977817,0.8178633975481612,0.8656000134941941,1
2008-04-24,0.7248416666666666,4.08,0.11939166666666667,0.17836463776302783,0.07371840135574072,0.7479169608812315,0.9304024220100267,0
2008-04-25,0.8803708333333333,5.438,0.11265555555555555,0.06738632646385345,0.16388616290480865,0.7687275106313379,0.9745567537909565,1
2008-04-26,0.6271986111111112,4.078,0.11715,0.0,0.15023696682464455,0.8497630331753554,0.700137678244028,3
2008-04-27,0.7001666666666667,3.734,0.13758194444444444,0.10237849017580145,0.08686659772492245,0.8107549120992761,0.7574009798706377,3
2008-04-28,0.457675,1.984,0.11605416666666667,0.0,0.18227179336659818,0.8177282066334018,0.6490311961396522,3
2008-04-29,1.3698722222222222,8.264,0.14955277777777778,0.08106857869781427,0.3128830808372846,0.6060483404649011,1.014424862823752,2
2008-04-30,0.7650874999999999,5.038,0.11913611111111112,0.12734939759036146,0.07108433734939759,0.801566265060241,1.0136761427333973,1
2008-05-01,0.40000972222222225,1.5,0.10464999999999999,0.0,0.17008985879332478,0.8299101412066753,0.6612336003085184,3
2008-05-02,1.0401166666666666,5.85,0.14275555555555555,0.2514331853048042,0.04715381509890997,0.7014129995962858,0.9390227966750392,0
2008-05-03,0.8955555555555554,5.166,0.14028055555555555,0.12338949454905847,0.06702180376610506,0.8095887016848364,1.07646359896591,0
2008-05-04,1.0215069444444445,6.576,0.14543194444444443,0.2085074060007596,0.2726927459172047,0.5187998480820357,1.0906234901616074,2
2008-05-05,0.9492583333333333,5.858,0.12899305555555557,0.08702408702408702,0.03263403263403263,0.8803418803418803,0.7589200876684243,1
2008-05-06,1.2430416666666666,7.294,0.13860833333333333,0.07139843914785911,0.28527736764395695,0.6433241932081839,0.9386855041502459,2
2008-05-07,0.81685,5.404,0.13260833333333333,0.1271291039249568,0.052209331029375465,0.8206615650456678,0.8252794441001334,1
2008-05-08,1.4699291666666665,4.718,0.17586388888888888,0.2146201568535643,0.04108626946037692,0.7442935736860588,0.6225813733851518,0
2008-05-09,1.2133833333333333,5.32,0.15963472222222222,0.15313272877164055,0.029060181368507833,0.8178070898598516,0.7576315516650451,1
2008-05-10,1.3257833333333333,6.902,0.20125972222222224,0.36055198173895,0.031749325586221205,0.6076986926748288,0.8094312446059359,0
2008-05-11,1.1186944444444444,4.198,0.1914597222222222,0.06373825427374617,0.15170383788067474,0.7845579078455791,0.6857498591654079,3
2008-05-12,1.058475,5.604,0.159125,0.13764379214597383,0.07173079465820442,0.7906254131958218,0.907271542214969,0
2008-05-13,1.0256208333333334,6.748,0.16421388888888888,0.061963559704863724,0.3078602620087336,0.6301761782864026,1.0353351216163926,2
2008-05-14,1.1001819444444445,4.332,0.19262083333333335,0.15794865228247648,0.21998847557462065,0.6220628721429029,0.7849004497247825,0
2008-05-15,0.8074777777777778,4.106,0.1650861111111111,0.10511019617340761,0.06902397674981836,0.825865827076774,0.9688730157738858,3
2008-05-16,1.1465583333333333,6.542,0.1635611111111111,0.16200101795971789,0.18672289682251145,0.6512760852177707,0.9814855888014294,0
2008-05-17,1.1510097222222222,5.9,0.19159444444444446,0.13864439447478316,0.06007067137809187,0.801284934147125,0.9207400439477622,0
2008-05-18,1.2527486111111112,7.782,0.17673055555555556,0.11265549631886265,0.33987052551408986,0.5474739781670475,1.052499744332321,2
2008-05-19,0.7154597222222222,4.388,0.12203888888888888,0.11173553719008264,0.06148760330578512,0.8267768595041323,1.0626233173740838,3
2008-05-20,1.0981486111111112,8.944,0.12783472222222222,0.08578680203045685,0.154251269035533,0.7599619289340102,1.0770919187530557,2
2008-05-21,0.9195222222222222,4.98,0.13217083333333332,0.1697968243127881,0.04046440157077002,0.7897387741164419,0.9077860859403906,0
2008-05-22,0.6783805555555555,3.994,0.11792777777777778,0.12590064467197573,0.05561875869043104,0.8184805966375932,0.9489895979667697,3
2008-05-23,1.0311916666666667,5.196,0.1242763888888889,0.0,0.08620689655172414,0.9137931034482759,0.7427826763306618,1
2008-05-24,1.0973444444444445,6.052,0.1982986111111111,0.07117610368008871,0.03943447224339871,0.8893894240765126,0.745086385697373,1
2008-05-25,1.4225722222222221,6.538,0.2016777777777778,0.22509668652660186,0.46048918156161806,0.3144141319117801,0.9642504985559103,2
2008-05-26,0.8956319444444445,4.828,0.1532625,0.09007773205304069,0.060905349794238686,0.8490169181527206,0.8556850438948546,3
2008-05-27,1.1865972222222223,7.044,0.1440736111111111,0.0,0.3180035650623886,0.6819964349376114,0.9096029911613714,2
2008-05-28,0.7738694444444445,4.686,0.16364166666666666,0.3029249927599189,0.049425620233613285,0.6476493870064678,1.055142161409576,0
2008-05-29,0.7882472222222222,4.576,0.12974444444444444,0.09829645584491874,0.04963775210495398,0.8520657920501272,0.9064675947932854,3
2008-05-30,0.9703083333333333,6.216,0.12654027777777777,0.0,0.21086819864496753,0.7891318013550325,0.9056212659489256,1
2008-05-31,1.1399097222222223,6.044,0.17355833333333334,0.11059561128526646,0.14595611285266458,0.743448275862069,0.8280967054104944,0
2008-06-01,1.2839416666666668,4.954,0.1564861111111111,0.13853757813635703,0.039613315888937344,0.8218491059747056,0.7786266925501207,1
2008-06-02,0.7458416666666666,4.454,0.11469305555555555,0.12215294566738771,0.0710013996691691,0.8068456546634432,0.9780889598361172,3
2008-06-03,1.1095944444444445,6.758,0.12079027777777777,0.1961408259986459,0.17657413676371023,0.6272850372376438,1.0436424769522932,0
2008-06-04,1.1034111111111111,5.672,0.1058361111111111,0.09847522236340533,0.4880559085133418,0.41346886912325287,0.9139821889092451,2
2008-06-05,0.7778319444444445,4.304,0.1063236111111111,0.15832880188508247,0.04585825629871307,0.7958129418162044,0.9399267762905891,1
2008-06-06,0.8456347222222221,5.964,0.12119444444444445,0.10750053270828894,0.05391007884082676,0.8385893884508843,1.023187167636161,1
2008-06-07,1.3072805555555556,6.022,0.12945416666666665,0.12148291885819333,0.13332992902006843,0.7451871521217382,0.7513847762749458,1
2008-06-08,1.0710569444444444,7.578,0.1308222222222222,0.16436580465357445,0.20487393868688833,0.6307602566595373,1.0488698133719785,2
2008-06-09,0.9206236111111111,6.014,0.12752777777777777,0.16428631086611542,0.17414181909295917,0.6615718700409254,1.081592084449829,0
2008-06-10,0.7410347222222222,4.378,0.1500125,0.08651278138115223,0.05579931323922167,0.8576879053796261,0.9548680446794332,3
2008-06-11,0.7800041666666666,4.32,0.14886944444444444,0.10410229088971763,0.08971763452317529,0.806180074587107,1.00966700474113,3
2008-06-12,0.8745361111111112,4.816,0.13145277777777778,0.19981564932404752,0.05807046292503072,0.7421138877509218,0.9635905648395614,0
2008-06-13,1.3020819444444445,5.486,0.19579097222222225,0.1357070389873907,0.3555002657133195,0.5087926952992898,0.876435941213638,2
2008-06-14,0.9617500000000001,5.58,0.23908333333333334,0.13737642024494615,0.07459052678176184,0.7880330529732921,0.8370966681564923,0
2008-06-15,1.5896541666666666,6.252,0.19514305555555558,0.26027672753599873,0.2735902180033786,0.46613305446062264,0.8827937531943502,2
2008-06-16,0.9048916666666668,5.29,0.14193194444444446,0.15895953757225434,0.037251123956326265,0.8037893384714194,1.042573812023278,0
2008-06-17,0.7951972222222222,4.524,0.12185,0.09305531621575047,0.03722212648630019,0.8697225572979493,0.9755412739612368,3
2008-06-18,1.3150055555555555,5.906,0.18939166666666665,0.32432548547860457,0.1306066334421722,0.5450678810792232,0.913975603038014,0
2008-06-19,1.1028347222222221,7.52,0.13154027777777777,0.21539530184389996,0.09560495074513767,0.6889997474109624,1.0506782515173576,0
2008-06-20,1.1639611111111112,5.992,0.15793055555555555,0.1610928961748634,0.16038251366120218,0.6785245901639344,0.9462141940713322,0
2008-06-21,1.2043430555555554,6.368,0.16599166666666665,0.047981215864427544,0.29722831912612935,0.6547904650094432,0.8622237324774796,2
2008-06-22,1.087788888888889,4.922,0.20426666666666668,0.28459956448100654,0.0710742801838858,0.6443261553351076,0.8931168834225571,0
2008-06-23,0.8693027777777778,5.662,0.14649722222222222,0.1954152574220218,0.04366779406238256,0.7609169485155957,0.978118970213211,0
2008-06-24,1.2183694444444444,5.798,0.17570972222222223,0.1353035688202931,0.169871950922635,0.6948244802570719,0.8118564003665195,0
2008-06-25,0.8762291666666666,4.542,0.2018236111111111,0.2175925925925926,0.04464846202134338,0.737758945386064,0.9410076114184301,0
2008-06-26,0.7333472222222223,5.428,0.15098194444444443,0.08801605504587157,0.05466360856269113,0.8573203363914373,0.9421591580632341,3
2008-06-27,1.2188555555555556,6.366,0.18195,0.24913142446387923,0.1420869773571343,0.6087815981789865,0.9781000362137455,0
2008-06-28,0.8394444444444444,4.22,0.14649583333333333,0.0,0.2013693113169553,0.7986306886830447,0.7782765558285903,3
2008-06-29,0.5203833333333333,3.09,0.12754444444444443,0.17731154845896768,0.0993316004455997,0.7233568510954326,0.9587655855184297,3
2008-06-30,0.5584694444444445,4.166,0.1316152777777778,0.0,0.0709809264305177,0.9290190735694823,0.9241215467791036,3
2008-07-01,0.8439166666666666,4.622,0.19290833333333335,0.27849220382575146,0.047178910143063815,0.6743288860311847,1.1183635871587483,0
2008-07-02,0.7966680555555555,4.842,0.18509583333333335,0.11167866264221035,0.07545855583933132,0.8128627815184584,0.9031246739207484,3
2008-07-03,0.7627499999999999,7.126,0.1484361111111111,0.08759257566060162,0.23489073786230227,0.6775166864770961,1.3509228844554626,0
2008-07-04,0.6541805555555555,3.454,0.13064722222222222,0.0,0.06624676639298167,0.9337532336070183,0.8345199553995104,3
2008-07-05,1.0202,5.904,0.15609722222222222,0.1103330587266094,0.3974343886077439,0.4922325526656467,1.0258962636016538,2
2008-07-06,1.2535166666666666,6.302,0.1760986111111111,0.25011748120300753,0.30721334586466165,0.4426691729323308,0.8822723265864285,2
2008-07-07,0.6829097222222222,4.052,0.14084027777777777,0.2190274414850686,0.05972558514931396,0.7212469733656174,1.0277348739329197,0
2008-07-08,0.7820930555555555,4.562,0.13633194444444446,0.10906889720449042,0.05535989434294519,0.8355712084525644,0.9443162844552728,3
2008-07-09,0.6384152777777777,4.298,0.13314166666666666,0.10804362644853442,0.056691660986139515,0.8352647125653261,0.9933206129075581,3
2008-07-10,0.8689416666666667,4.806,0.1668347222222222,0.10102880658436214,0.056790123456790124,0.8421810699588478,0.8886417450623939,3
2008-07-11,0.8709833333333332,4.896,0.17433055555555554,0.0687363524162157,0.05297636001139277,0.8782872875723915,0.8351894033075687,3
2008-07-12,0.9228138888888889,6.88,0.18480833333333335,0.3105572668720246,0.1832119854382526,0.5062307476897228,1.1833702605435623,0
2008-07-13,0.8712736111111111,5.408,0.11595833333333333,0.14052644857455218,0.26608359263308384,0.593389958792364,1.0421161459574384,2
2008-07-14,0.7902263888888889,4.324,0.14560277777777778,0.2331969076853115,0.18144611186903137,0.5853569804456571,1.0650319581661014,0
2008-07-15,0.8026805555555555,4.748,0.13259444444444446,0.09579416130628401,0.05462642256308758,0.8495794161306284,0.8195494085179349,1
2008-07-16,0.7479597222222222,6.98,0.14337638888888887,0.16502039939875457,0.3005153532316942,0.5344642473695512,1.2743112760119206,2
2008-07-17,0.9160569444444445,4.764,0.1663236111111111,0.11081481481481481,0.0714074074074074,0.8177777777777778,0.7551833627382468,1
2008-07-18,0.8761,4.416,0.1358375,0.10433591967138293,0.050387950707439524,0.8452761296211776,0.7560879122162817,1
2008-07-19,0.9333430555555555,5.376,0.1444652777777778,0.21368887597180847,0.22858388432754487,0.5577272397006466,1.0589386771935976,0
2008-07-20,0.6538430555555556,4.726,0.11984444444444443,0.22923548843794242,0.1269466729589429,0.6438178386031147,1.1783713243687766,0
2008-07-21,0.8031097222222223,5.938,0.11975694444444443,0.1500265064499028,0.03808093302703658,0.8118925605230606,0.9801998643101915,1
2008-07-22,0.5140569444444444,3.16,0.11189444444444445,0.0,0.08088788562829195,0.919112114371708,0.8471117357067166,3
2008-07-23,0.6546041666666667,5.886,0.11277222222222222,0.15389415876185722,0.05666500249625562,0.7894408387418872,0.9127114088717259,1
2008-07-24,0.7593402777777778,4.574,0.12908472222222223,0.08667287977632805,0.04929066998032515,0.8640364502433467,0.9207063644202775,3
2008-07-25,0.6010652777777777,5.766,0.12688472222222222,0.13919675843165297,0.05863425098319628,0.8021689905851508,1.0970126644563012,0
2008-07-26,0.5664472222222222,4.398,0.1481375,0.0,0.13183145598664997,0.86816854401335,0.9915321025433266,3
2008-07-27,0.7968027777777777,3.896,0.1619013888888889,0.1031437997283136,0.08325247428682321,0.8136037259848632,0.8720442587908961,3
2008-07-28,0.573475,5.044,0.13785694444444446,0.0,0.07864647713226205,0.921353522867738,0.8890606188107706,3
2008-07-29,0.8101097222222222,3.976,0.1447111111111111,0.198785271415918,0.06706314057952677,0.7341515880045553,0.7460795203061581,0
2008-07-30,0.9027138888888888,4.392,0.1580111111111111,0.2654443171163663,0.08052922179393687,0.6540264610896969,0.8438233489569714,0
2008-07-31,0.9671097222222221,5.368,0.16908055555555557,0.12851035292145194,0.23539274038058514,0.6360969066979629,1.0242653304198674,0
2008-08-01,0.5135944444444445,4.284,0.1754888888888889,0.08583565255602754,0.16844880621063424,0.7457155412333382,1.1243902595572934,3
2008-08-02,0.35123333333333334,2.038,0.12381527777777779,0.0,0.11701880659391688,0.8829811934060832,0.8919567170924331,3
2008-08-03,0.35054305555555554,1.95,0.11531388888888888,0.0,0.1127683615819209,0.8872316384180791,0.9238596034089819,3
2008-08-04,0.7822923611111111,5.89,0.1346152777777778,0.06154799401043011,0.48298652346775445,0.45546548252181546,1.2266209381113504,2
2008-08-05,0.5743875,5.796,0.1251722222222222,0.07685790365528927,0.06160735899297991,0.8615347373517308,1.208995575044658,3
2008-08-06,0.22646666666666668,0.976,0.1489611111111111,0.0,0.18804985337243402,0.8119501466275659,0.8420959053123629,3
2008-08-07,0.23255833333333334,1.05,0.1492638888888889,0.0,0.1824488380159556,0.8175511619840444,0.8763207652160271,3
2008-08-08,0.2098611111111111,0.976,0.13642222222222222,0.0,0.19544900446972777,0.8045509955302722,0.8107964572321197,3
2008-08-09,0.24925277777777777,2.696,0.13888194444444446,0.0,0.20451693851944794,0.795483061480552,1.165841784445105,3
2008-08-10,0.24446666666666667,1.064,0.1313236111111111,0.0,0.19586323343182777,0.8041367665681722,0.7458697532229024,3
2008-08-11,0.258275,1.2,0.13029166666666667,0.0,0.20641620937104263,0.7935837906289573,0.7146335434044631,3
2008-08-12,0.20068333333333332,0.958,0.12989027777777779,0.0,0.20034692107545535,0.7996530789245446,0.8196838235381501,3
2008-08-13,0.19623888888888888,0.962,0.1276638888888889,0.0,0.20133928571428572,0.7986607142857143,0.7804879975705992,3
2008-08-14,0.18767916666666665,0.958,0.1235875,0.0,0.21181556195965417,0.7881844380403458,0.7806242127660524,3
2008-08-15,0.1900375,1.008,0.12373472222222222,0.0,0.20610328638497652,0.7938967136150235,0.8244682753345882,3
2008-08-16,0.19084305555555556,1.12,0.12616527777777778,0.0,0.20751173708920187,0.7924882629107981,0.8074140223989383,3
2008-08-17,0.19083055555555556,1.018,0.12466388888888888,0.0,0.20649651972157773,0.7935034802784223,0.8612490828453696,3
2008-08-18,0.19010972222222222,0.934,0.12367916666666667,0.0,0.20379805465493284,0.7962019453450672,0.8146489266683565,3
2008-08-19,0.19075833333333334,0.946,0.12543194444444444,0.0,0.20663861617578308,0.793361383824217,0.7904136308036028,3
2008-08-20,0.18643888888888888,0.954,0.12365555555555555,0.0,0.21182743577314592,0.7881725642268541,0.7758549435756144,3
2008-08-21,0.18145694444444443,0.926,0.11734166666666668,0.0,0.2150323544051767,0.7849676455948233,0.7637766461180598,3
2008-08-22,0.1855027777777778,1.02,0.12128749999999999,0.0,0.2134502923976608,0.7865497076023392,0.8054136531082914,3
2008-08-23,0.1768347222222222,1.02,0.11765416666666667,0.0,0.22006302521008403,0.779936974789916,0.7462115307285121,3
2008-08-24,0.1768861111111111,0.912,0.11382638888888888,0.0,0.20965230928905035,0.7903476907109497,0.7530843826051695,3
2008-08-25,0.17381805555555555,0.958,0.11379861111111111,0.0,0.2271259418729817,0.7728740581270183,0.7593497817929529,3
2008-08-26,0.1788638888888889,0.952,0.11567083333333333,0.0,0.21505376344086022,0.7849462365591398,0.7320466170036344,3
2008-08-27,0.17924583333333333,1.006,0.1151888888888889,0.0,0.20588235294117646,0.7941176470588235,0.8052987788393631,3
2008-08-28,0.18628194444444443,1.18,0.12090138888888889,0.0,0.2094037809015996,0.7905962190984004,0.8037239436033866,3
2008-08-29,0.18582500000000002,0.924,0.11887916666666667,0.0,0.21192705766387382,0.7880729423361261,0.7656091339917448,3
2008-08-30,0.18779444444444443,0.924,0.12329999999999999,0.0,0.21178188899707887,0.7882181110029212,0.7804958734068647,3
2008-08-31,1.0433541666666668,7.52,0.14613958333333332,0.11471613893151067,0.20828567443158041,0.6769981866369089,1.2010063165890894,0
2008-09-01,0.8663263888888889,4.184,0.12811527777777776,0.08151707568216922,0.04470568045306333,0.8737772438647675,0.8953318692072018,3
2008-09-02,0.9612180555555555,4.962,0.15599583333333333,0.35235425084522143,0.09944751381215469,0.5481982353426239,0.9711894498650687,0
2008-09-03,0.964226388888889,5.61,0.12450555555555556,0.09865337400491035,0.14150732832378543,0.7598392976713042,0.8986075958538282,1
2008-09-04,0.8508472222222222,7.02,0.10546666666666665,0.18484672260530033,0.0335631801944006,0.781590097200299,0.982885752295587,0
2008-09-05,0.6069166666666667,4.952,0.10224722222222221,0.04888430285050948,0.05559138398039468,0.8955243131690959,1.1128217840701802,3
2008-09-06,1.2976208333333334,6.0,0.16548055555555555,0.12902661064425772,0.28448879551820727,0.586484593837535,0.8844347503680107,2
2008-09-07,0.9532333333333333,6.146,0.12253055555555555,0.3197875166002656,0.15112881806108897,0.5290836653386454,1.1609306213105768,0
2008-09-08,0.9092527777777778,5.916,0.11150972222222223,0.05929041987459322,0.18199857131518374,0.758711008810223,1.072378348503703,1
2008-09-09,0.8053152777777778,5.02,0.12546527777777777,0.02803849352500891,0.0538196507069027,0.9181418557680884,0.9214095082569294,3
2008-09-10,0.9033083333333333,5.858,0.1155763888888889,0.08632047223885704,0.034134656514671916,0.8795448712464711,0.9827373313781278,1
2008-09-11,0.7143847222222222,4.206,0.13335972222222223,0.11085373924553275,0.04599602911978822,0.8431502316346791,0.9253325654548544,3
2008-09-12,0.9671958333333333,6.29,0.12381805555555556,0.16961933315163077,0.03652221313709458,0.7938584537112746,0.9753660596571838,0
2008-09-13,1.1329416666666665,6.306,0.1293,0.05118326912493121,0.29900935608145296,0.6498073747936158,1.002586743389963,2
2008-09-14,1.0946708333333333,5.128,0.13454583333333334,0.40090940288263555,0.03817776252573782,0.5609128345916267,1.022083496538753,0
2008-09-15,1.178963888888889,5.278,0.09452638888888888,0.0824317362184441,0.03125536664949339,0.8863128971320625,0.7043092237960593,1
2008-09-16,0.8485152777777778,6.788,0.108375,0.0,0.04270627828710688,0.9572937217128931,0.874668058081214,1
2008-09-17,1.0550069444444445,5.91,0.12303333333333334,0.12726545842217485,0.24833422174840086,0.6244003198294243,0.9648433060839947,2
2008-09-18,1.0453402777777778,6.08,0.1315111111111111,0.3348207171314741,0.028446215139442232,0.6367330677290837,1.0504415235267208,0
2008-09-19,1.0547541666666667,6.296,0.11581111111111111,0.10982011618954295,0.02456778889899909,0.865612094911458,0.8512040815150066,1
2008-09-20,0.9059722222222222,4.202,0.108475,0.0,0.02880049817077917,0.9711995018292209,0.6750614415415687,1
2008-09-21,1.0646319444444443,6.862,0.1432375,0.27208576468991724,0.16155516352286606,0.5663590717872167,1.0994343066096899,0
2008-09-22,0.9434472222222223,7.318,0.105225,0.07407407407407407,0.17882971729125574,0.7470962086346702,1.158723441858407,2
2008-09-23,0.8561027777777778,5.714,0.11467222222222223,0.0,0.21490880253766853,0.7850911974623315,0.9641802071368183,3
2008-09-24,1.193298611111111,6.412,0.12046666666666667,0.11672544371856391,0.2734578250563682,0.609816731225068,0.8524563192278768,2
2008-09-25,0.7855694444444444,5.774,0.12067361111111112,0.09875097580015613,0.07328259172521467,0.8279664324746292,1.0227047547580748,1
2008-09-26,0.9940625000000001,6.012,0.146925,0.0978286996234276,0.02964506049194776,0.8725262398846246,0.9532182457127144,1
2008-09-27,1.4773930555555554,5.688,0.17850000000000002,0.22157092614302462,0.13170905754625617,0.6467200163107192,0.8849548728208289,0
2008-09-28,1.2021555555555556,5.992,0.11386666666666666,0.14172879604340444,0.028419576289953494,0.8298516276666421,0.8162505256836318,1
2008-09-29,1.0428736111111112,4.288,0.13849444444444445,0.08412145345943256,0.03011448481831757,0.8857640617222499,0.7665093336412387,1
2008-09-30,0.9548652777777779,5.532,0.10770277777777779,0.11375812150917589,0.04103499373076484,0.8452068847600592,1.065543278119856,1
2008-10-01,1.3002527777777777,6.254,0.12587222222222222,0.11926605504587157,0.3075780877127857,0.5731558572413428,0.8653906376985675,2
2008-10-02,0.9342652777777778,6.048,0.10671944444444444,0.0,0.03893073087938899,0.961069269120611,0.8824255926398407,1
2008-10-03,1.1198472222222222,4.7,0.11013750000000001,0.32924153065423123,0.0239336167878206,0.6468248525579482,0.9953127256196139,0
2008-10-04,1.4586777777777777,5.57,0.15013888888888888,0.20775324051848296,0.037746039366298605,0.7545007201152184,0.6239822464310749,1
2008-10-05,1.0763541666666667,5.698,0.10159444444444445,0.09594882729211088,0.3156619499903082,0.5883892227175809,0.9694219105568219,2
2008-10-06,0.9887374999999999,6.052,0.08694722222222222,0.09134526665436428,0.026388632589038567,0.8822661007565972,0.8404371465328331,1
2008-10-07,1.1990055555555554,6.536,0.1300236111111111,0.09311703785170929,0.0384016130510494,0.8684813490972413,0.8076934473044334,1
2008-10-08,1.2920666666666667,5.112,0.10584027777777777,0.05858585858585859,0.2876543209876543,0.6537598204264871,0.7351767430687515,2
2008-10-09,1.3775569444444444,6.486,0.12631944444444446,0.06553213106426213,0.19456438912877827,0.7399034798069596,0.8294372400931936,2
2008-10-10,1.0544013888888888,5.952,0.10280833333333333,0.0,0.03128266988339365,0.9687173301166063,0.6911374168724596,1
2008-10-11,1.1592958333333334,6.362,0.10753333333333334,0.13525107241988393,0.14730002523340904,0.717448902346707,0.7766824738050581,1
2008-10-12,1.3249583333333335,8.22,0.11236527777777779,0.16465217950366465,0.3743088594573743,0.461038961038961,1.1351226280531725,2
2008-10-13,1.015261111111111,6.784,0.10270416666666667,0.09380370872908186,0.04839439167797377,0.8578018995929444,0.8796558269010409,1
2008-10-14,1.1174,5.592,0.1140875,0.10183422737497837,0.038241910365115074,0.8599238622599066,0.7984539804554532,1
2008-10-15,1.4978444444444445,6.496,0.1169875,0.10502523128679563,0.37016400336417155,0.5248107653490328,0.7295920280531709,2
2008-10-16,1.0997777777777777,4.376,0.09502777777777778,0.09686290486860868,0.0436952536158077,0.8594418415155837,0.7556744942441611,1
2008-10-17,1.296448611111111,6.246,0.1066125,0.13699367514466423,0.21443951016013996,0.6485668146951958,0.9833252479579575,2
2008-10-18,1.5549930555555556,7.146,0.11293611111111113,0.05472602739726028,0.11335616438356165,0.831917808219178,0.8867502991759056,1
2008-10-19,1.3693986111111112,10.29,0.12610833333333332,0.05244965434325218,0.6018935978358881,0.34565674782085964,1.1707632328979234,2
2008-10-20,1.158023611111111,6.124,0.09570277777777779,0.060428152072742894,0.18958974726140188,0.7499821006658552,0.8465792709443963,1
2008-10-21,1.433136111111111,6.156,0.10579444444444444,0.05770655174735708,0.17931452427445962,0.7629789239781832,0.8213788133597484,1
2008-10-22,1.1430625,5.174,0.1037111111111111,0.05662475408433838,0.21743221281327516,0.7259430331023865,0.783190167393487,1
2008-10-23,1.2711763888888887,6.974,0.11195,0.06348835397678586,0.11178624289164135,0.8247254031315728,0.9472708341903969,1
2008-10-24,1.4814069444444444,7.978,0.1166763888888889,0.3858902904077442,0.11132296861249634,0.5027867409797595,1.0970321708759745,0
2008-10-25,1.1096756944444444,5.056,0.08698333333333333,0.04791626032117548,0.029809505233729928,0.9222742344450946,0.7365700566004506,1
2008-10-26,0.36353611111111106,1.518,0.08022916666666667,0.0,0.15170670037926676,0.8482932996207333,0.8053066044510193,3
2008-10-27,0.36381388888888894,1.538,0.08956805555555557,0.0,0.16969185310257492,0.830308146897425,0.8110736145292352,3
2008-10-28,0.9217291666666666,5.018,0.10074722222222222,0.2933246921581335,0.046921581335061566,0.659753726506805,1.1531290276767612,0
2008-10-29,1.1198444444444444,5.042,0.09255694444444446,0.1921437835834723,0.06392440244580322,0.7439318139707245,0.6235172982785958,1
2008-10-30,0.7629166666666666,2.626,0.08543611111111112,0.0,0.11639676113360324,0.8836032388663968,0.5016823230671851,3
2008-10-31,0.892938888888889,3.178,0.07246388888888888,0.0,0.02890226956924502,0.971097730430755,0.7452947515935265,1
2008-11-01,0.5767347222222222,1.672,0.07893888888888889,0.0,0.15067893123083662,0.8493210687691634,0.49801643316228783,3
2008-11-02,0.6323708333333333,2.29,0.0836611111111111,0.0,0.10914826498422713,0.8908517350157729,0.5811513683832941,3
2008-11-03,0.5886111111111111,2.682,0.08003333333333333,0.3007495315427858,0.10836976889444097,0.5908806995627732,0.6575666618203783,0
2008-11-04,1.0849416666666667,7.816,0.08435833333333333,0.0,0.6021317829457364,0.39786821705426356,1.358156898267163,2
2008-11-05,2.177034722222222,8.862,0.17904166666666665,0.28811438106796117,0.39475879854368934,0.3171268203883495,0.7613740915447792,2
2008-11-06,1.1030819444444444,6.71,0.12601944444444443,0.1260217152616811,0.0524582164206417,0.8215200683176772,0.8183954514897018,1
2008-11-07,1.1244333333333334,4.724,0.07638055555555555,0.08714744131058942,0.032849180881607834,0.8800033778078027,0.6963486180444916,1
2008-11-08,1.2035680555555555,5.978,0.09247777777777778,0.10656208149990434,0.31289458580447677,0.5805433326956189,0.8547953888542095,2
2008-11-09,1.7906513888888889,5.638,0.1464902777777778,0.2956827780384796,0.031018301267010794,0.6732989206945096,0.740423191775349,0
2008-11-10,1.4683569444444446,5.672,0.10911250000000002,0.08719740879645414,0.03025912035458575,0.8825434708489601,0.7077926788528014,1
2008-11-11,1.7055208333333332,5.348,0.08894444444444445,0.12748531987225714,0.11785309570413104,0.7546615844236119,0.6423945689117415,1
2008-11-12,1.5209125000000001,7.072,0.110525,0.08050751453817688,0.20731062608564307,0.7121818593761801,0.5218854183808063,1
2008-11-13,0.8600416666666667,5.828,0.08710000000000001,0.0,0.05080414850443409,0.949195851495566,0.8786575802632606,1
2008-11-14,1.1262069444444445,4.898,0.08881527777777778,0.16944759436254658,0.02632431556779524,0.8042280900696582,0.7460912640726148,1
2008-11-15,2.105297222222222,7.732,0.11469444444444445,0.16898999401351236,0.16244761823313092,0.6685623877533567,0.7880920597755394,2
2008-11-16,1.642661111111111,6.466,0.11328472222222222,0.30780597494378414,0.11750722775457757,0.5746867973016383,0.7568201784453887,0
2008-11-17,1.0580805555555555,5.094,0.08255138888888888,0.0,0.03446389496717724,0.9655361050328227,0.7018521510358061,1
2008-11-18,1.2146180555555555,7.71,0.09672361111111112,0.08528295921593423,0.029165349351881125,0.8855516914321846,0.8177819059228023,1
2008-11-19,1.2779430555555555,5.804,0.11559166666666666,0.1289819558921809,0.22469740847998812,0.646320635627831,0.81350050098368,2
2008-11-20,1.1752333333333334,5.254,0.08416111111111112,0.11346428179523757,0.0380774717436629,0.8484582464610996,0.8559754260944464,1
2008-11-21,1.162451388888889,4.628,0.08857916666666667,0.08817788339132648,0.029534074514130527,0.882288042094543,0.698298771795055,1
2008-11-22,1.18845,7.366,0.08671388888888888,0.10616804273919378,0.08567265662943176,0.8081593006313744,0.8857915083411076,1
2008-11-23,2.366253472222222,8.556,0.1438013888888889,0.15961141149061497,0.38812695063519276,0.45226163787419227,0.8357765197171141,2
2008-11-24,2.231248611111111,7.73,0.08445694444444445,0.07109892314895325,0.03411143067353354,0.8947896461775132,0.4279958895389588,1
2008-11-25,1.8769791666666666,6.734,0.10455833333333332,0.2177057717344134,0.024952987125705192,0.7573412411398814,0.6019746647961225,1
2008-11-26,1.0527458333333333,5.956,0.08333055555555555,0.08105216228265716,0.02710655372269282,0.89184128399465,0.9214724977835479,1
2008-11-27,1.6404291666666666,7.468,0.08765138888888889,0.16322652512941485,0.021623746805582857,0.8151497280650023,0.7557869530248833,1
2008-11-28,1.3096972222222223,5.07,0.0891847222222222,0.08716422585950348,0.023102827159526978,0.8897329469809695,0.8035070889691209,1
2008-11-29,1.6907416666666668,8.114,0.11563194444444444,0.2627955701885663,0.11932555123216602,0.6178788785792677,0.8225227723891354,0
2008-11-30,1.6676305555555555,10.348,0.11868333333333334,0.07204020848845867,0.21599652519235543,0.7119632663191859,0.8881756921010113,2
2008-12-01,1.1225958333333332,5.932,0.08241527777777778,0.10425675026424522,0.029691553761891035,0.8660516959738638,0.7827238223679377,1
2008-12-02,1.2454472222222222,6.366,0.10132499999999998,0.0,0.026101141924959218,0.9738988580750407,0.6860971911565652,1
2008-12-03,1.218863888888889,5.88,0.0866125,0.10240475547149419,0.027199855894803206,0.8703953886337026,0.7782364927980232,1
2008-12-04,1.2073874999999998,4.726,0.07915972222222221,0.08556782334384858,0.022160883280757097,0.8922712933753943,0.777564719052591,1
2008-12-05,1.4295958333333334,6.13,0.08335138888888889,0.07559355953788775,0.028199763485854634,0.8962066769762577,0.6669682393782838,1
2008-12-06,1.7526638888888888,7.494,0.13065555555555555,0.21300925433464524,0.3057653441123285,0.4812254015530263,0.8222800222172103,2
2008-12-07,1.7130138888888888,4.996,0.12515555555555555,0.1911670825837154,0.01799083047994893,0.7908420869363356,0.6848723971249722,1
2008-12-08,1.297663888888889,5.512,0.08387638888888889,0.07614697661735632,0.020178607948735428,0.9036744154339083,0.6737614534221579,1
2008-12-09,1.3910722222222223,7.136,0.092025,0.11392332415059687,0.1465220385674931,0.73955463728191,0.8498853703672429,1
2008-12-10,1.5555520535802227,6.07,0.1053003644243081,0.06513332373672436,0.23928412550087388,0.6955825507624018,0.7853664816260374,2
2008-12-11,0.9948069444444444,5.614,0.07980277777777778,0.12324691882702933,0.029005524861878452,0.8477475563110922,0.9231391366869465,1
2008-12-12,1.2607875,5.202,0.09676527777777778,0.08528674627745836,0.018796992481203006,0.8959162612413386,0.7208719332877971,1
2008-12-13,1.2677597222222223,6.434,0.11338749999999999,0.18655060590544462,0.02227342549923195,0.7911759685953235,0.9043620322391658,1
2008-12-14,1.390361111111111,6.006,0.11389861111111112,0.3210914707396602,0.21426119787197528,0.4646473313883645,0.876320253740471,0
2008-12-15,1.2468402777777778,4.94,0.07898888888888889,0.10614525139664804,0.02270679401693999,0.8711479545864119,0.7348191707497612,1
2008-12-16,1.2479791666666666,6.164,0.07958194444444444,0.0,0.02183481487874342,0.9781651851212566,0.7338776849065602,1
2008-12-17,1.4574902777777778,4.936,0.09459444444444445,0.2769741985926505,0.01850403961428199,0.7045217617930675,0.7910581608982031,0
2008-12-18,1.2062083333333333,5.266,0.08199305555555556,0.08875039444619753,0.020353423792994634,0.8908961817608079,0.7211561855987203,1
2008-12-19,1.3070222222222223,5.238,0.09177361111111111,0.11303005805835231,0.021753509223193943,0.8652164327184537,0.757595990160012,1
2008-12-20,1.5584458333333333,6.224,0.11169444444444444,0.055429228098486515,0.3168292623291523,0.6277415095723612,0.7987599611577887,2
2008-12-21,1.8358402777777778,7.212,0.09380000000000001,0.043777884002549394,0.3660372848948375,0.5901848311026131,0.8498572924873081,2
2008-12-22,1.3998666666666666,5.388,0.08671527777777778,0.1661659348278253,0.030120945997997074,0.8037131191741776,0.7024276924167159,1
2008-12-23,1.2486722222222222,6.8,0.10491666666666667,0.2034027618829633,0.16136415655756467,0.635233081559472,0.8402766906815115,2
2008-12-24,0.8816930555555555,3.878,0.08008194444444444,0.0,0.03518608023199613,0.9648139197680039,0.765073923197066,1
2008-12-25,0.7368874999999999,4.814,0.08116805555555556,0.0,0.07339685809940767,0.9266031419005923,0.8677596421804635,1
2008-12-26,0.8498138888888889,4.11,0.08626527777777777,0.12190082644628099,0.03033927794693345,0.8477598956067856,0.8680492519191992,1
2008-12-27,2.064002777777778,5.548,0.08203611111111112,0.0,0.0195936722075002,0.9804063277924998,0.3594740161407871,1
2008-12-28,1.0907236111111112,4.08,0.07795,0.2617611580217129,0.029084573113523655,0.7091542688647634,0.7507778713541865,1
2008-12-29,0.38560972222222223,2.478,0.0636375,0.0,0.08080059303187546,0.9191994069681245,0.9597285114023927,3
2008-12-30,0.8300263888888889,4.14,0.07861527777777778,0.0,0.033152909336941816,0.9668470906630582,0.894397109757624,1
2008-12-31,1.3640194444444445,6.026,0.08977222222222221,0.1972680856707115,0.016311915655460512,0.786419998673828,0.8255148311202521,1
2009-01-01,0.9768694444444445,8.584,0.07824166666666667,0.10319708619991906,0.5186833940375016,0.37811951976257924,1.0363944047839775,2
2009-01-02,1.616326388888889,7.6,0.1421736111111111,0.11920497139475242,0.2968041033734464,0.5839909252318012,0.8416909618636489,2
2009-01-03,1.3288166666666668,6.698,0.12146666666666667,0.3742662869762306,0.01906200964723659,0.6066717033765328,0.9205352818342508,0
2009-01-04,1.3472180555555555,5.274,0.11620694444444445,0.1463880237114438,0.5275796242338994,0.32603235205465686,0.9161593613565063,2
2009-01-05,1.113888888888889,5.53,0.08954027777777777,0.12202759565515217,0.03150993247871612,0.8464624718661317,0.9035388598338084,1
2009-01-06,1.1735152777777778,6.038,0.08024722222222222,0.0,0.01997483485372759,0.9800251651462724,0.6840960306009297,1
2009-01-07,1.4446333333333332,6.256,0.09826666666666665,0.16298677665898337,0.23171175542884873,0.6053014679121679,0.825607327419176,2
2009-01-08,1.1342152777777779,5.254,0.08637083333333333,0.21092264394918994,0.022742831064121092,0.766334524986689,0.8750903483146413,1
2009-01-09,1.2421541666666667,5.512,0.08025833333333333,0.1586407254159697,0.023945769874108635,0.8174135047099217,0.8383152435058645,1
2009-01-10,1.4603805555555556,8.78,0.11231527777777778,0.1438819638768761,0.2181633172220809,0.6379547189010429,1.0066099869149345,2
2009-01-11,1.3722138888888888,6.418,0.09947222222222223,0.287796804379655,0.33744986950155964,0.3747533261187854,1.0690176701183993,2
2009-01-12,1.1036652777777778,4.552,0.07807499999999999,0.0,0.021034816247582206,0.9789651837524178,0.6367885361429062,1
2009-01-13,1.5156944444444445,6.876,0.09315416666666666,0.06454169733340882,0.01862650738832588,0.9168317952782653,0.6283302972384781,1
2009-01-14,1.2372076388888888,5.694,0.0838625,0.17625899280575538,0.025682679662721437,0.7980583275315232,0.8715488457504038,1
2009-01-15,1.0861583333333333,5.348,0.08024027777777779,0.21534458287336383,0.030752247279608895,0.7539031698470273,0.9553069717073636,1
2009-01-16,1.9212180555555556,8.108,0.12494444444444444,0.24023316383480095,0.13055521104634338,0.6292116251188556,0.9344027991086243,2
2009-01-17,2.304041666666667,6.738,0.11426666666666667,0.11821696177158403,0.1505273707822269,0.7312556674461891,0.4644270792469908,1
2009-01-18,2.1904125,7.594,0.14572222222222223,0.2252661801650915,0.2672169717270806,0.5075168481078279,0.7902104125767542,2
2009-01-19,1.1804625,6.15,0.08282916666666666,0.09496305104901044,0.03193748407372802,0.8730994648772615,0.9049350095027724,1
2009-01-20,1.206963888888889,5.848,0.09297222222222222,0.0,0.020129916482261402,0.9798700835177386,0.6295847416507896,1
2009-01-21,1.2079402777777777,6.08,0.08891944444444445,0.0873867701910634,0.1643449798279668,0.7482682499809697,0.830220471909579,1
2009-01-22,0.859275,3.43,0.08027777777777777,0.0,0.039711191335740074,0.9602888086642599,0.7845880493252053,1
2009-01-23,1.326761111111111,5.952,0.08770694444444445,0.14312280460086782,0.020318203733039466,0.8365589916660927,0.7408792065224188,1
2009-01-24,1.5283125,8.556,0.11803749999999999,0.28453378001116697,0.2508096035734227,0.4646566164154104,1.0209211448555613,2
2009-01-25,1.9747666666666668,9.59,0.10261527777777778,0.18780741581536134,0.28187665531592887,0.5303159288687098,0.6548224220595926,2
2009-01-26,1.1628277777777778,4.316,0.07866388888888888,0.09929140832595217,0.030823737821080603,0.8698848538529672,0.7312787472070228,1
2009-01-27,0.9896041666666666,5.12,0.09419166666666666,0.11513749678745824,0.035723464405037264,0.8491390388075045,0.8233331233472034,1
2009-01-28,1.8900930555555555,6.87,0.08056944444444444,0.09776927979604844,0.2952623751858934,0.6069683450180582,0.7471005023882243,2
2009-01-29,1.0928458333333333,4.608,0.07243472222222222,0.0,0.03164693218514532,0.9683530678148546,0.6554890848030099,1
2009-01-30,1.4298875,5.46,0.0833986111111111,0.11545305715709303,0.019930244145490782,0.8646166986974162,0.6989055194694545,1
2009-01-31,2.3005916666666666,7.164,0.1657722222222222,0.2744512963331344,0.21798952324116438,0.5075591804257013,0.7495900761759581,2
2009-02-01,1.2827569444444444,6.56,0.10559166666666667,0.29093132972217367,0.05434212825441202,0.6547265420234143,0.8552018413428824,0
2009-02-02,1.1134027777777777,7.17,0.07401944444444444,0.09418169998374777,0.018852592231431823,0.8869657077848204,0.8682176353769717,1
2009-02-03,1.2974930555555557,6.102,0.08542361111111112,0.042438877150618774,0.053003320253546635,0.9045578025958346,0.6120638173321451,1
2009-02-04,1.708975,7.918,0.10528055555555557,0.03660894418291863,0.2925773369199731,0.6708137188971083,0.7925863612462256,2
2009-02-05,1.1452,6.066,0.08485277777777778,0.07690700104493207,0.01839080459770115,0.9047021943573668,0.6926465664454559,1
2009-02-06,1.4224972222222223,5.702,0.08810555555555556,0.08856621559981755,0.020754143226395013,0.8906796411737874,0.6735412322952262,1
2009-02-07,2.1746777777777777,6.442,0.128225,0.2338062924120913,0.15364315580231683,0.6125505517855919,0.7213498953875532,2
2009-02-08,1.5158791666666667,6.266,0.09306944444444445,0.25710022143063443,0.012467507461249638,0.7304322711081159,0.8320371011377179,0
2009-02-09,1.1851652777777777,6.098,0.09347777777777778,0.09966247890493156,0.02137633602100131,0.8789611850740672,0.8028503980786262,1
2009-02-10,1.349876388888889,4.77,0.08043888888888888,0.08215586307356154,0.019155134741442096,0.8986890021849964,0.5755208328454422,1
2009-02-11,1.8329097222222221,7.852,0.1662236111111111,0.1163425186109054,0.40834859882293334,0.4753088825661613,0.9141677315140538,2
2009-02-12,1.3671250000000001,5.844,0.08283611111111111,0.05796571189629939,0.015628266778172695,0.926406021325528,0.7211927737558893,1
2009-02-13,1.173626388888889,5.406,0.07582361111111112,0.08521846916640843,0.019677719243879763,0.8951038115897119,0.7610165005824575,1
2009-02-14,1.621747222222222,6.286,0.08247777777777777,0.09468831762116367,0.13522156235724075,0.7700901200215956,0.6736137430471503,1
2009-02-15,1.1014111111111111,4.28,0.07918194444444444,0.3110410094637224,0.028517350157728705,0.6604416403785489,0.6465820331871306,1
2009-02-16,0.9159680555555555,4.422,0.07764305555555555,0.0,0.03576322280076733,0.9642367771992326,0.8441829045517448,1
2009-02-17,0.5519291666666667,2.586,0.08254027777777778,0.0,0.06614323102545801,0.933856768974542,0.9112545557809666,3
2009-02-18,0.5739236111111111,1.582,0.07851666666666667,0.0,0.051490984743411926,0.948509015256588,0.7423015680315612,3
2009-02-19,0.5119916666666667,2.764,0.0690125,0.33698453608247425,0.08440721649484537,0.5786082474226805,0.8363393941303544,0
2009-02-20,1.3060666666666667,6.322,0.10210833333333333,0.24226459274126108,0.024502425154708147,0.7332329821040308,0.8223979441984813,0
2009-02-21,0.9140166666666667,3.71,0.10791805555555557,0.33212712397734423,0.04122089364380113,0.6266519823788547,0.8019547256054529,0
2009-02-22,1.5544986111111112,11.122,0.12210277777777778,0.19544174135723433,0.43923175416133164,0.36532650448143406,1.1985179006841309,2
2009-02-23,1.8983722222222221,7.694,0.0901388888888889,0.06954725426063006,0.21483904286452057,0.7156137028748494,0.5832177032497665,2
2009-02-24,1.2382944444444444,4.846,0.08565694444444445,0.0,0.09941665632369369,0.9005833436763063,0.6542200704319907,1
2009-02-25,0.8123916666666667,6.29,0.07852083333333333,0.12515759312320918,0.03140401146131805,0.8434383954154728,0.9958288888176685,1
2009-02-26,0.8033694444444445,2.884,0.07819444444444444,0.0,0.03769869179912787,0.9623013082008721,0.7893379254126061,3
2009-02-27,1.4089708333333333,5.106,0.14035833333333333,0.07109851518698786,0.015156182613517344,0.9137453021994948,0.6592604977471833,1
2009-02-28,1.1324652777777777,6.788,0.14763055555555554,0.07891653456475291,0.36928802812047695,0.5517954373147701,0.9358063454739406,2
2009-03-01,1.7170284722222224,6.714,0.13154791666666668,0.49192470361361296,0.12011044638748274,0.3879648499989043,0.9541032323561841,0
2009-03-02,1.0260013888888888,4.578,0.09400277777777778,0.182370820668693,0.03624035538929156,0.7813888239420155,0.7957155852150819,1
2009-03-03,1.2839944444444444,8.31,0.08882222222222222,0.0802020621410283,0.018545429382049686,0.9012525084769221,0.7316892804737983,1
2009-03-04,1.2792569444444446,4.992,0.08988472222222223,0.16802003490931167,0.1950368065568794,0.6369431585338089,0.7899538879570637,2
2009-03-05,1.0012583333333334,5.194,0.07809861111111112,0.0,0.028937533368926856,0.9710624666310731,0.7526492620953635,1
2009-03-06,1.238523611111111,5.726,0.08955277777777777,0.08496101002599332,0.01968065354623097,0.8953583364277757,0.733305987404409,1
2009-03-07,1.1781013888888887,5.468,0.10407361111111112,0.07547034837971242,0.05801559482080263,0.8665140567994849,0.7384351742619256,1
2009-03-08,1.6369208333333334,7.854,0.1348513888888889,0.2877717822567846,0.2086970322171084,0.503531185526107,0.8943009664001026,2
2009-03-09,1.170525,4.758,0.09447222222222222,0.15748465291988037,0.02904139776483551,0.8134739493152842,0.7584562265161071,1
2009-03-10,1.2751458333333334,5.542,0.07979305555555556,0.0,0.023631317803380708,0.9763686821966193,0.6131392018591786,1
2009-03-11,1.6707666666666667,7.64,0.09530833333333333,0.16166689921399005,0.33896097855913676,0.49937212222687316,0.7310615923382012,2
2009-03-12,1.3105972222222222,5.602,0.09359166666666666,0.0,0.025964762108566946,0.9740352378914331,0.6715755265321163,1
2009-03-13,1.0038333333333334,5.656,0.09630833333333333,0.09123872164600726,0.026224808162576947,0.8825364701914158,0.7402633558633699,1
2009-03-14,1.4923805555555554,5.88,0.1078125,0.10705928237129485,0.013650546021840874,0.8792901716068643,0.6721425051585687,1
2009-03-15,1.3486541666666665,7.166,0.12343888888888889,0.2047930283224401,0.3033621857151269,0.49184478596243303,0.8350327726004333,2
2009-03-16,0.9292534722222222,4.322,0.08290902777777777,0.0,0.03188496405126602,0.9681150359487339,0.8586602839802945,1
2009-03-17,1.3416041666666667,7.88,0.16318888888888888,0.0638591646530894,0.22736163847658497,0.7087791968703256,0.82611302885906,2
2009-03-18,1.0074166666666666,5.724,0.08465694444444445,0.08257960144128244,0.02757555702625193,0.8898448415324656,0.7776085174226756,1
2009-03-19,0.8274527777777777,4.296,0.08084166666666667,0.0,0.032132623823168234,0.9678673761768317,0.6716584748259962,1
2009-03-20,1.016601388888889,6.028,0.09030416666666667,0.09018236322757932,0.025647431093346655,0.884170205679074,0.8348857132571753,1
2009-03-21,1.3402930555555554,7.502,0.1372611111111111,0.33113391984359725,0.041666666666666664,0.6271994134897361,0.9224244087942651,0
2009-03-22,1.1730347222222224,5.182,0.09047222222222222,0.1361917623227549,0.2550979068197164,0.6087103308575287,0.912765658960755,2
2009-03-23,0.9003125000000001,5.12,0.08341805555555555,0.145932042777853,0.04196561527006904,0.812102341952078,0.8722335064576935,1
2009-03-24,1.1539666666666666,5.848,0.10196944444444446,0.14003767095241995,0.028826467938743754,0.8311358611088363,0.8831357339339302,1
2009-03-25,1.2769263888888889,6.584,0.1347472222222222,0.1696984495177634,0.20235624465877183,0.6279453058234648,0.8276778375608428,2
2009-03-26,0.8409749999999999,3.638,0.08315972222222222,0.0,0.03502469690166143,0.9649753030983386,0.8370270491513048,1
2009-03-27,1.1902263888888889,5.226,0.12574583333333333,0.09528334485141672,0.045438838977194196,0.8592778161713891,0.758927404321151,1
2009-03-28,1.5701222222222222,6.856,0.19215277777777778,0.26506235728087124,0.019146320042157036,0.7157913226769718,0.7578160176774936,0
2009-03-29,1.5393402777777778,5.512,0.09520416666666666,0.10642795798374843,0.2658386734491643,0.6277333685670873,0.6567349565139196,2
2009-03-30,1.0260083333333334,4.554,0.09119722222222224,0.09617941671837603,0.026150163992553852,0.8776704192890701,0.7920792607565189,1
2009-03-31,1.2663069444444444,7.096,0.095825,0.1232163840859493,0.15169828213306474,0.7250853337809859,0.870895928175842,1
2009-04-01,1.1396805555555556,4.232,0.0993388888888889,0.2249198717948718,0.18942307692307692,0.5856570512820513,0.9079017394948452,0
2009-04-02,1.1418986111111111,4.76,0.08664027777777777,0.0754414125200642,0.021669341894060994,0.9028892455858748,0.7214410852305421,1
2009-04-03,0.9467083333333334,5.736,0.09208194444444445,0.0,0.03670344517000675,0.9632965548299932,0.7629597513767383,1
2009-04-04,1.5216888888888889,5.124,0.13870000000000002,0.1167286566905977,0.18043421849320992,0.7028371248161923,0.6988354023894219,1
2009-04-05,0.9553583333333333,6.502,0.12709166666666666,0.35839880284324727,0.03338945005611672,0.608211747100636,1.0147251381584201,0
2009-04-06,1.0087736111111112,4.308,0.09134722222222222,0.07087731748425441,0.02953960791271179,0.8995830746030338,0.7189254748614271,1
2009-04-07,1.0000638888888889,5.762,0.10606388888888889,0.10443097898125354,0.032001514864608976,0.8635675061541375,0.8758174774701147,1
2009-04-08,1.0656944444444443,5.318,0.11204861111111111,0.16486151941822683,0.21870648305740367,0.6164319975243695,0.8081436040133746,2
2009-04-09,1.3128277777777777,6.308,0.12287222222222223,0.16225045372050817,0.022141560798548093,0.8156079854809437,0.8836401362998223,1
2009-04-10,1.2792458333333334,5.314,0.11513333333333334,0.1099588389372962,0.15085262201315017,0.7391885390495536,0.7744760949883223,1
2009-04-11,1.7100319444444443,6.968,0.17615694444444444,0.13983957219251336,0.1637127578304049,0.6964476699770817,0.7690188383883164,2
2009-04-12,1.486813888888889,7.972,0.1956041666666667,0.349198956780924,0.07004470938897168,0.5807563338301043,0.9964126996169494,0
2009-04-13,1.1110027777777778,6.272,0.13888055555555556,0.07820881598382959,0.4390888595195522,0.4827023244966182,0.9710631733596612,2
2009-04-14,1.0427347222222223,6.254,0.13095833333333334,0.06988274179586056,0.1842291650271504,0.745888093176989,0.881201967861985,1
2009-04-15,0.8444875,4.718,0.13255972222222223,0.24668678651095657,0.06075318199711324,0.6925600314919302,0.9066537632156515,0
2009-04-16,1.0864749999999999,6.188,0.12431666666666666,0.2210349564951916,0.030300717447717906,0.7486643260570905,0.8657771707295346,0
2009-04-17,1.4186180555555554,7.454,0.11888750000000001,0.0,0.4056215544685146,0.5943784455314853,0.7756189441720072,2
2009-04-18,1.0501847222222223,6.32,0.10205416666666667,0.07168758716875871,0.18221757322175733,0.746094839609484,0.7733360587165469,1
2009-04-19,0.8933805555555556,6.322,0.10666944444444446,0.20637599624941397,0.03525550867323019,0.7583684950773558,0.9513572876598083,0
2009-04-20,1.0322986111111112,6.042,0.11770972222222223,0.0,0.20152439024390245,0.7984756097560975,0.7422203622436074,1
2009-04-21,1.3156930555555555,6.72,0.12689722222222222,0.19886363636363635,0.038739669421487606,0.762396694214876,0.7011492885747131,1
2009-04-22,1.0390263888888889,4.494,0.14160277777777777,0.06609863155176865,0.07765298218435321,0.8562483862638781,0.7665710024323104,1
2009-04-23,0.7926805555555556,5.716,0.12184305555555557,0.1531402351591626,0.056638944651562946,0.7902208201892744,0.9865581760527999,0
2009-04-24,0.8292,3.274,0.12556944444444443,0.0,0.03807157057654076,0.9619284294234592,0.6648128358703527,3
2009-04-25,1.404363888888889,6.12,0.16360555555555556,0.1048972978623321,0.2038885694872733,0.6912141326503946,0.7884874764555238,2
2009-04-26,1.2372402777777778,7.016,0.15945694444444444,0.18357284589020503,0.1814082135770549,0.6350189405327401,0.8454848641641034,0
2009-04-27,0.9386305555555555,6.02,0.11139444444444443,0.11856530028598665,0.044804575786463297,0.8366301239275501,0.9671716584759187,1
2009-04-28,1.1849902777777777,6.134,0.11136527777777779,0.14869140063272937,0.026675294794362956,0.8246333045729077,0.725306679275063,1
2009-04-29,1.1560277777777779,5.594,0.09834444444444446,0.08080886340745332,0.19307352599364686,0.7261176105988998,0.7606357494074387,1
2009-04-30,1.2741402777777777,4.278,0.09587222222222223,0.061515423779574724,0.02174303683737646,0.9167415393830488,0.6531506672767504,1
2009-05-01,1.0505569444444445,4.738,0.13226527777777777,0.07716227943303443,0.0760775238646225,0.846760196702343,0.6296684882161242,1
2009-05-02,0.9679930555555556,5.726,0.12473611111111112,0.12365963334486337,0.0323417502594258,0.8439986163957108,0.769450349339685,1
2009-05-03,1.1172763888888888,7.856,0.12479027777777778,0.24619990787655457,0.19906341163826194,0.5547366804851834,1.1285173756023708,0
2009-05-04,1.158251388888889,5.192,0.10142777777777778,0.07872107567229518,0.03212945590994371,0.8891494684177611,0.7427826356230521,1
2009-05-05,1.2024124999999999,4.288,0.09855138888888888,0.06261191357287813,0.3306076160916796,0.6067804703354422,0.7678830075445491,2
2009-05-06,0.9374319444444444,4.604,0.1016513888888889,0.08727823089212142,0.1510972841167073,0.7616244849911713,0.7776292948555736,1
2009-05-07,0.7032277777777778,4.288,0.09375555555555556,0.0,0.04470475735118336,0.9552952426488166,0.7687957054521926,1
2009-05-08,1.2896916666666667,4.5,0.10755694444444444,0.12032432432432433,0.04583783783783784,0.8338378378378378,0.7190472907824529,1
2009-05-09,0.8759388888888889,4.682,0.12707222222222223,0.2302522859975763,0.04208438911534648,0.7276633248870772,0.796313366216285,0
2009-05-10,1.3665916666666666,6.012,0.14242222222222223,0.21865147971117666,0.33916403945896473,0.4421844808298586,0.9143458286159709,2
2009-05-11,1.0535944444444445,5.33,0.11002777777777778,0.08279337652987762,0.03655707543396528,0.8806495480361571,0.898121186609755,1
2009-05-12,1.1291361111111111,6.34,0.10418194444444444,0.0,0.193123576309795,0.806876423690205,0.7787257032762142,1
2009-05-13,0.8655541666666666,5.408,0.11914305555555556,0.15595120342894825,0.06077590944059787,0.7832728871304538,0.8649550234198613,1
2009-05-14,1.115961111111111,7.396,0.10549305555555555,0.0,0.26117964533538934,0.7388203546646106,1.0289305485982227,2
2009-05-15,0.9876569444444445,5.256,0.09760138888888889,0.09821618932556321,0.035107668253855445,0.8666761424205813,0.7929681519904458,1
2009-05-16,1.3940124999999999,6.732,0.12951527777777777,0.09073975518893028,0.25651942522618415,0.6527408195848856,0.7854670872269269,2
2009-05-17,1.0720583333333333,6.54,0.1572638888888889,0.21933213151343464,0.16533608035024466,0.6153317881363207,0.9713556495772779,0
2009-05-18,0.8402124999999999,5.016,0.10733333333333334,0.07548476454293629,0.0370003957261575,0.8875148397309062,0.924698254038327,1
2009-05-19,1.1231555555555557,5.458,0.13116944444444442,0.21649141488087315,0.0527086383601757,0.7307999467589511,0.8097264120170994,0
2009-05-20,0.907751388888889,5.39,0.12665416666666668,0.08542673107890499,0.15209339774557165,0.7624798711755234,0.8172564001418039,1
2009-05-21,1.0938541666666668,5.744,0.14749722222222222,0.10088346108873587,0.08301935819150319,0.8160971807197609,0.7965788665085385,1
2009-05-22,0.7463930555555556,4.59,0.16475138888888888,0.09564624525177753,0.11756111814551476,0.7867926366027077,0.8105607086427183,3
2009-05-23,1.0629152777777777,4.284,0.13420138888888888,0.032208280212037844,0.12373347648124539,0.8440582433067167,0.7117708630206346,1
2009-05-24,0.8942958333333334,5.078,0.12305555555555554,0.0041872150367544434,0.04149995347538848,0.9543128314878571,0.8821369003931897,1
2009-05-25,0.9403444444444444,4.62,0.12719583333333334,0.07786052809749493,0.08175355450236967,0.8403859174001355,0.8074194695712688,1
2009-05-26,0.9298423611111111,4.084,0.08802361111111111,0.09798033811854716,0.07112006910452058,0.8308995927769323,0.7785746256192355,1
2009-05-27,1.072425,5.324,0.0867375,0.07263688462335152,0.16260443278326314,0.7647586825933853,0.744682661557923,1
2009-05-28,0.8192611111111112,4.978,0.08943472222222222,0.13689391177542837,0.038370397375136714,0.8247356908494349,0.906420897039621,1
2009-05-29,0.8630875,4.798,0.1021875,0.08700545407324041,0.03757250454506103,0.8754220413816985,0.7949663241489666,1
2009-05-30,1.1521569444444444,6.24,0.16228333333333333,0.1736340414927419,0.10634851411127033,0.7200174443959878,0.7564284445297458,0
2009-05-31,0.6645069444444445,3.77,0.13931666666666667,0.19178440607012034,0.05991627420198849,0.7482993197278912,1.0520798070952462,0
2009-06-01,1.0022638888888888,5.322,0.15963611111111112,0.1908835808637328,0.031551570734378205,0.777564848401889,0.9676437946235,0
2009-06-02,0.7573875,2.992,0.15534444444444445,0.0,0.06025244105739462,0.9397475589426054,0.7915346705104677,3
2009-06-03,0.9420680555555555,4.262,0.13953194444444444,0.06768920573197955,0.0986534168646936,0.8336573774033269,0.8183379926793453,3
2009-06-04,0.7192083333333333,4.892,0.11434861111111111,0.20569825167278222,0.04910425210446795,0.7451974962227499,1.0636836614726024,0
2009-06-05,0.8544166666666666,4.19,0.10899305555555555,0.0,0.035155346542286636,0.9648446534577133,0.6763449569913893,1
2009-06-06,1.0246180555555555,6.282,0.16215000000000002,0.11705929062996294,0.18078348332451033,0.7021572260455268,0.9203433572325146,0
2009-06-07,0.8384666666666667,8.76,0.15203472222222222,0.2129819524200164,0.16827317473338801,0.6187448728465955,1.1525314443919654,0
2009-06-08,0.8185944444444445,5.106,0.08983333333333335,0.10232837014090138,0.04316978115319277,0.8545018487059058,0.9028685117564278,1
2009-06-09,0.9255902777777777,4.96,0.10721944444444444,0.08258320257659592,0.03418944586671071,0.8832273515566934,0.9093403064450141,1
2009-06-10,1.1131916666666668,5.322,0.11056111111111111,0.0658751436231329,0.3028852291586876,0.6312396272181795,0.841013822152668,2
2009-06-11,0.9032291666666667,4.732,0.11106388888888888,0.0,0.042591589965710164,0.9574084100342899,0.6801006776671814,1
2009-06-12,0.7650916666666666,4.524,0.10604444444444446,0.1172437834069254,0.05345108064141297,0.8293051359516617,0.844844257345682,1
2009-06-16,1.047772222222222,6.866,0.14735277777777778,0.16669460743224365,0.06823134953897737,0.765074043028779,0.9119178178357911,0
2009-06-17,0.6861222222222222,5.432,0.13393055555555555,0.1110604852488894,0.06959790408930402,0.8193416106618066,1.0613892263487839,3
2009-06-18,0.8095138888888889,3.244,0.11524583333333334,0.0,0.03945566586785348,0.9605443341321466,0.7412983710164194,3
2009-06-19,0.7547680555555556,4.888,0.11406944444444443,0.10554405838143993,0.05173728352031369,0.8427186580982464,0.9274020981874761,1
2009-06-20,0.7688194444444444,5.5,0.12434444444444445,0.0,0.2248645903859174,0.7751354096140826,0.9687381608447245,3
2009-06-21,0.5938486111111112,3.892,0.11217083333333334,0.13940695022138735,0.05527975311954918,0.8053132966590635,0.9971737533920677,3
2009-06-22,0.7597902777777777,4.096,0.11258611111111111,0.0,0.03871690954557213,0.9612830904544278,0.8523376081989521,3
2009-06-23,0.7216763888888889,4.098,0.11380000000000001,0.0965860189346849,0.12058907908577986,0.7828249019795352,1.0096283627146356,3
2009-06-24,1.0658847222222223,4.91,0.13494583333333335,0.1647014483389867,0.06670973994508157,0.7685888117159317,0.8322021121192286,1
2009-06-25,0.5356680555555555,4.558,0.12775416666666667,0.0,0.07367167733293645,0.9263283226670636,1.0387552848241746,3
2009-06-26,0.8870291666666665,6.216,0.16587916666666666,0.14826242286456642,0.04368301396557324,0.8080545631698604,0.9184791618739565,0
2009-06-27,1.1868416666666666,5.076,0.18862777777777778,0.14345741528847708,0.13101330603889458,0.7255292786726284,0.8362094998871142,0
2009-06-28,0.7356902777777777,3.592,0.19293333333333335,0.0,0.17407815754012004,0.82592184245988,0.8870791371616623,3
2009-06-29,0.7014819444444444,4.76,0.16390694444444445,0.2026202846171222,0.06754009487237407,0.7298396205105038,0.951037476304072,0
2009-06-30,0.8280875,5.222,0.19663194444444443,0.05487977369165488,0.0975011786892975,0.8476190476190476,0.8107975263816029,3
2009-07-01,0.8460708333333334,3.644,0.18454305555555556,0.0873212078403673,0.05209253046088646,0.8605862616987463,0.7684102246983563,3
2009-07-02,0.8629013888888889,5.174,0.1918875,0.06870146678170837,0.06503451251078515,0.8662640207075065,0.8123357981870379,3
2009-07-03,0.6001027777777778,4.226,0.17083055555555557,0.09651595444807758,0.07238696583605818,0.8310970797158642,0.9824491540378489,3
2009-07-04,0.8601166666666666,5.156,0.25965416666666663,0.18600499821492325,0.2078721885041057,0.6061228132809711,0.9061780422950583,0
2009-07-05,0.9796777777777779,4.594,0.266075,0.2538091102865714,0.11352332833346492,0.6326675613799637,0.8903702604087407,0
2009-07-06,0.6626805555555555,5.13,0.18817499999999998,0.05152534230122508,0.09067979822243574,0.8577948594763392,0.9593612044059988,3
2009-07-07,0.7709277777777778,5.398,0.17822083333333333,0.12171455487517664,0.34093264248704663,0.5373528026377767,1.0936989992808888,2
2009-07-08,0.8572222222222223,5.928,0.15360833333333332,0.0,0.2740602090157542,0.7259397909842459,0.932991719660151,2
2009-07-09,0.587675,5.484,0.13517500000000002,0.0,0.12061040632469204,0.879389593675308,0.8594879225820359,3
2009-07-10,0.8282819444444444,3.904,0.1514986111111111,0.0889609220241311,0.23626868359445344,0.6747703943814155,0.9876156824008299,3
2009-07-11,0.6902555555555555,4.512,0.17324444444444445,0.10414012738853504,0.07250530785562632,0.8233545647558387,1.00443246302596,3
2009-07-12,0.3565819444444444,2.122,0.13297222222222221,0.0,0.12669391266939126,0.8733060873306088,0.9593690142733231,3
2009-07-13,0.3449625,1.918,0.13647638888888888,0.0,0.13273743016759776,0.8672625698324022,0.9362964839383265,3
2009-07-14,0.6329374999999999,4.432,0.18512083333333335,0.25374614367562803,0.06809167033935655,0.6781621859850154,1.1671529494230568,0
2009-07-15,0.49866249999999995,4.228,0.13173055555555557,0.11507208387942333,0.12214941022280472,0.762778505897772,1.1043111280033946,3
2009-07-16,0.41635694444444443,2.362,0.1800875,0.0,0.3064344116601493,0.6935655883398507,0.8154353617742355,3
2009-07-17,0.5082,2.062,0.12439861111111113,0.0,0.08580043859649122,0.9141995614035088,0.8771843072200743,3
2009-07-18,0.6711180555555555,2.63,0.1516236111111111,0.0,0.10955056179775281,0.8904494382022472,0.7689075819080432,3
2009-07-19,0.8358638888888889,3.492,0.18003472222222222,0.0,0.10572842998585573,0.8942715700141443,0.764578479785029,3
2009-07-20,0.4600597222222222,4.632,0.15129444444444445,0.13752633162804695,0.11796569365031598,0.7445079747216371,1.2216253661891463,0
2009-07-21,0.5651125,2.178,0.18520833333333334,0.0,0.11178213309024612,0.8882178669097539,0.8963503373021185,3
2009-07-22,0.5135638888888889,2.46,0.1656111111111111,0.0,0.1465777012483857,0.8534222987516142,0.8218231527372417,3
2009-07-23,0.7152777777777778,3.988,0.15202083333333333,0.08725970599321523,0.058612891066716924,0.8541274029400678,0.8767522188393981,3
2009-07-24,0.39009583333333336,2.294,0.14481666666666668,0.0,0.13240857503152584,0.8675914249684742,0.9456540690145057,3
2009-07-25,0.3727,2.18,0.1357361111111111,0.0,0.134404845096669,0.865595154903331,0.9158636099977864,3
2009-07-26,0.3770944444444444,2.512,0.16652638888888888,0.0,0.21149854711498547,0.7885014528850145,0.9250661806160704,3
2009-07-27,0.4781708333333334,2.51,0.2235763888888889,0.0,0.2838656387665198,0.7161343612334802,0.8633126564099776,3
2009-07-28,0.6269791666666666,5.34,0.17553194444444445,0.0,0.5295071335927367,0.4704928664072633,1.1278866264412122,2
2009-07-29,0.6263888888888889,3.98,0.1287972222222222,0.09479655285262355,0.08170611977746264,0.8234973273699138,0.8774882388520078,3
2009-07-30,0.5502263888888889,2.898,0.13764305555555556,0.0,0.36317780580075665,0.6368221941992434,0.9839024074582744,3
2009-07-31,0.6776597222222223,5.468,0.15850416666666667,0.08168083097261568,0.32322946175637396,0.5950897072710104,1.2216581406962885,2
2009-08-01,0.4909486111111111,2.14,0.16851527777777778,0.0,0.11900733220530176,0.8809926677946982,0.9507474038736854,3
2009-08-02,0.3400861111111111,2.056,0.14270277777777776,0.0,0.15253831417624522,0.8474616858237548,0.9348996008557685,3
2009-08-03,0.3474291666666667,1.972,0.1370138888888889,0.0,0.1370018115942029,0.8629981884057971,0.9343655893345217,3
2009-08-04,0.3533972222222222,1.914,0.136375,0.0,0.13555158552925414,0.8644484144707458,0.9280773860112032,3
2009-08-05,0.360175,2.104,0.14437083333333334,0.0,0.132990132990133,0.867009867009867,0.8984271780047082,3
2009-08-06,0.36991111111111113,1.988,0.14915694444444444,0.0,0.13582028029678483,0.8641797197032152,0.8939913706166712,3
2009-08-07,0.37451111111111113,2.018,0.1536736111111111,0.0,0.1363265306122449,0.8636734693877551,0.8983488039874568,3
2009-08-08,0.3656055555555555,2.012,0.14865833333333334,0.0,0.13631567841316733,0.8636843215868326,0.9026002046349837,3
2009-08-09,0.6932180555555556,5.446,0.19744861111111112,0.20844715276318554,0.2500525320445472,0.5415003151922673,1.26674545323555,0
2009-08-10,0.7426097222222222,5.344,0.20711666666666667,0.0,0.38218065974719967,0.6178193402528003,1.1861187136516078,2
2009-08-11,0.6603847222222222,5.06,0.21350694444444443,0.0962813167059881,0.16481294236602628,0.7389057409279857,1.0815007982862155,0
2009-08-12,0.5725250000000001,3.648,0.18927222222222223,0.1383495145631068,0.10452063106796117,0.757129854368932,0.9697276125254958,3
2009-08-14,0.5199138888888889,3.422,0.1675888888888889,0.07239284508943639,0.14343570705366182,0.7841714478569017,0.8061460972083152,3
2009-08-15,1.0514319444444444,5.516,0.26719583333333335,0.2418549011329252,0.1303215818731968,0.627823516993878,0.944476501239658,0
2009-08-16,0.8456333333333333,4.448,0.2840638888888889,0.19120276552628443,0.1304088687567052,0.6783883657170103,0.8598266117343785,0
2009-08-17,0.5457694444444444,3.232,0.17462638888888887,0.0001413427561837456,0.11491166077738516,0.884946996466431,0.9072719883967991,3
2009-08-18,0.7504152777777777,5.698,0.1713361111111111,0.22899702085402185,0.14299900695134063,0.6280039721946375,1.208109006364844,0
2009-08-19,0.6116263888888889,4.73,0.1826347222222222,0.11558307533539731,0.10474716202270382,0.7796697626418989,0.9698567030338203,3
2009-08-20,0.5386958333333334,2.41,0.1811736111111111,0.0,0.12576556046147272,0.8742344395385273,0.8299088729276662,3
2009-08-21,0.8067680555555556,5.912,0.18219583333333336,0.2656018154839836,0.0774199179540892,0.6569782665619273,1.0867561940548345,0
2009-08-22,1.0755125,7.696,0.2901625,0.27884143348060875,0.19655130093274423,0.524607265586647,1.0189685937716386,0
2009-08-23,0.7407694444444445,4.554,0.25821388888888885,0.1083086053412463,0.09347181008902077,0.798219584569733,0.9966824455220564,0
2009-08-24,0.8696208333333333,4.81,0.19798888888888888,0.20234395809287045,0.06543549675930037,0.7322205451478292,0.9968123264778994,0
2009-08-25,0.6552847222222222,4.518,0.1922402777777778,0.13926215489860738,0.09223063767407769,0.7685072074273149,1.0368658516804783,0
2009-08-26,0.7892680555555556,7.056,0.18695416666666667,0.18519162249065785,0.1317458938037716,0.6830624837055705,1.2227706955966924,0
2009-08-27,0.5204625,2.676,0.1744486111111111,0.0,0.13422276126945623,0.8657772387305438,0.7986560945546608,3
2009-08-28,0.7769736111111112,4.25,0.1714513888888889,0.1711590296495957,0.10829803619561032,0.720542934154794,1.0083254200085805,0
2009-08-29,0.9641763888888889,4.75,0.2191111111111111,0.06420716566158212,0.10521461511174175,0.8305782192266761,0.8253394819731807,3
2009-08-30,1.1585708333333333,6.93,0.204225,0.1809192580469176,0.09294871794871795,0.7261320240043644,0.9096353564665484,0
2009-08-31,0.8788347222222221,4.784,0.15230416666666668,0.0826730967964175,0.05838787461246986,0.8589390285911126,0.8132399547188823,1
2009-09-01,0.6809277777777777,3.414,0.15074444444444446,0.0,0.10295420974889218,0.8970457902511079,0.885458344368012,3
2009-09-02,0.8491763888888889,4.358,0.14434583333333334,0.08215494057430381,0.05717012232150603,0.8606749371041902,0.9010518914960396,3
2009-09-03,0.8688805555555557,4.45,0.14822083333333333,0.29040160993962727,0.271152331787558,0.43844605827281474,0.9117110153682162,0
2009-09-04,0.7113805555555555,3.678,0.12573888888888887,0.0,0.07284388958882144,0.9271561104111785,0.889481916908904,3
2009-09-05,1.0512958333333333,5.862,0.1875472222222222,0.19069500287191268,0.14346799412853406,0.6658370029995533,0.8795921141168298,0
2009-09-06,0.8532152777777778,4.412,0.15314722222222224,0.09374411155078198,0.055398530243075186,0.8508573582061428,0.9913982232473693,3
2009-09-07,0.8482347222222223,6.746,0.139925,0.19833815028901733,0.05211343930635838,0.7495484104046243,1.1874191111343584,0
2009-09-08,0.7543430555555555,4.792,0.13903055555555557,0.09909018987341772,0.057060917721518986,0.8438488924050633,1.02451190661245,3
2009-09-09,1.056488888888889,4.854,0.15525833333333333,0.06232624296890153,0.24775328117928494,0.6899204758518135,0.8513894228184617,2
2009-09-10,0.7724680555555555,5.39,0.14055,0.11548033847685416,0.0746640119462419,0.8098556495769039,1.0775554543342811,0
2009-09-11,0.8431569444444444,3.764,0.12734583333333335,0.0,0.051200908795845504,0.9487990912041545,0.8088883056125665,3
2009-09-12,1.4335819444444446,5.758,0.22583055555555556,0.4097750791071581,0.051398272470708974,0.5388266484221329,0.9690617964277737,0
2009-09-13,1.0914083333333333,5.894,0.18839513888888887,0.27738935536747733,0.04094604087913559,0.6816646037533871,0.9169440760336951,0
2009-09-14,1.0936513888888888,7.344,0.16643472222222222,0.22676876445720667,0.04809763101220388,0.7251336045305895,0.9316778796343185,0
2009-09-15,1.0116708333333333,6.06,0.12796944444444444,0.16121388863574226,0.051034357058233844,0.7877517543060238,0.9885264588992014,0
2009-09-16,1.2105291666666667,5.696,0.1373236111111111,0.05785678349823914,0.19397395047235733,0.7481692660294036,0.8765258892496077,2
2009-09-17,0.8496013888888888,3.308,0.11616805555555557,0.0,0.054803854764917746,0.9451961452350822,0.7686592394472695,3
2009-09-18,0.9541888888888889,6.83,0.11750833333333333,0.16895557816208884,0.055272973889454055,0.7757714479484571,1.0473406158655845,0
2009-09-19,1.4831319444444444,7.826,0.18298055555555556,0.07838259681982246,0.19754170324846357,0.724075699931714,0.7694684619648681,2
2009-09-20,1.4134222222222221,6.754,0.20534305555555557,0.23937041145090582,0.13024877198542228,0.6303808165636718,0.7834528997662102,0
2009-09-21,0.9846305555555556,5.59,0.1487263888888889,0.07446034440941063,0.0488317568113833,0.8767078987792061,0.9072079140832155,1
2009-09-22,0.86565,4.648,0.14392777777777777,0.09336388999601435,0.059485850936628136,0.8471502590673575,0.8245118655474524,1
2009-09-23,1.1365347222222222,5.574,0.1638638888888889,0.13074559478271774,0.061328149495202856,0.8079262557220794,0.8580158766566133,0
2009-09-24,0.9904569444444444,5.794,0.15560833333333332,0.08724887929603188,0.05155238253362112,0.861198738170347,1.1093431059061638,0
2009-09-25,0.8062611111111112,3.08,0.14437222222222224,0.0,0.05773716951788491,0.9422628304821151,0.7535194199946738,3
2009-09-26,1.0807319444444443,3.818,0.20002916666666665,0.11365896460953495,0.03340157940918397,0.8529394559812811,0.7430256789043899,3
2009-09-27,0.9794944444444444,5.604,0.16005833333333333,0.12160353366349887,0.3059162093427921,0.572480256993709,1.0464089428788972,2
2009-09-28,0.9024,3.806,0.13416527777777779,0.0,0.052894736842105265,0.9471052631578948,0.8929767043922135,3
2009-09-29,0.7961097222222222,4.814,0.13880416666666667,0.11511835640911121,0.06732916480571684,0.8175524787851719,1.0125277593561892,3
2009-09-30,1.2336583333333333,4.702,0.14768055555555556,0.05302574755370907,0.4416990105504838,0.5052752418958072,0.8303968032788158,2
2009-10-01,0.893925,5.406,0.1287611111111111,0.0864815657715066,0.054802002730996814,0.8587164314974965,1.1944917642148714,0
2009-10-02,0.8004638888888889,3.7,0.12719166666666668,0.0,0.053211351755041075,0.9467886482449589,0.8592507014906188,3
2009-10-03,1.1921805555555556,5.594,0.17735833333333334,0.19134635580760345,0.04830917874396135,0.7603444654484351,0.8549622455825531,0
2009-10-04,1.1257680555555556,6.332,0.15639583333333335,0.2035358692877202,0.22332141945366352,0.5731427112586163,1.0263904234581924,0
2009-10-05,0.8857791666666667,4.084,0.11218055555555555,0.10348091281943422,0.05699863287411926,0.8395204543064465,0.8527385966425645,1
2009-10-06,0.9919777777777778,5.036,0.12449722222222223,0.000106951871657754,0.05807486631016043,0.9418181818181818,0.9085891583364503,1
2009-10-07,1.2651625,6.284,0.14404305555555555,0.049011752136752136,0.28939636752136755,0.6615918803418803,0.7991186244887558,2
2009-10-08,1.0952541666666666,5.026,0.12959305555555556,0.14644908250455246,0.0433534108418546,0.8101975066535929,0.7859929567545695,1
2009-10-09,0.9387930555555556,3.404,0.13084583333333333,0.0,0.049569921078300966,0.9504300789216991,0.6750567150104674,3
2009-10-10,1.3977472222222223,6.658,0.17751527777777779,0.2267357096174149,0.028656176160072395,0.7446081142225127,0.8300354148174601,0
2009-10-11,1.3464381944444446,6.492,0.18676319444444445,0.2139641397975382,0.3359096468628829,0.4501262133395789,1.0286750559916118,2
2009-10-12,0.938613888888889,3.756,0.10952361111111111,0.09120014635931212,0.04710940358580315,0.8616904500548848,0.9101327567011751,1
2009-10-13,1.0063194444444443,4.736,0.11485555555555556,0.08901566603278095,0.04799420447342208,0.8629901294937969,0.8561996312229716,1
2009-10-14,1.18835,5.246,0.12159027777777778,0.13212281280950808,0.20673489600528228,0.6611422911852096,0.8197224423422637,2
2009-10-15,1.0347055555555555,5.266,0.09696666666666667,0.13883917156737408,0.03946134833375948,0.8216994800988664,0.923390883973658,1
2009-10-16,1.053375,5.082,0.10096111111111113,0.0,0.04148734721983129,0.9585126527801687,0.7928620831744255,1
2009-10-17,1.9042222222222223,8.126,0.18135555555555555,0.19481902058197303,0.15486160397444995,0.650319375443577,0.7403510933543488,2
2009-10-18,1.0806694444444445,4.58,0.09905833333333333,0.057628490489680294,0.04038850667745852,0.9019830028328611,0.7304123119142307,1
2009-10-19,0.9507694444444444,4.67,0.09330416666666667,0.11279117286473232,0.04668982427462198,0.8405190028606457,1.0218184735884888,1
2009-10-20,1.1963944444444445,5.124,0.10524861111111111,0.062218583708555056,0.036839950880065496,0.9009414654113794,0.786666147321329,1
2009-10-21,1.3677125,5.17,0.13345138888888888,0.12297166384112376,0.35819811092274156,0.5188302252361346,0.8382285214314305,2
2009-10-22,0.9720208333333333,5.146,0.10822916666666667,0.0,0.04253847484004842,0.9574615251599515,0.763456843382992,1
2009-10-23,1.2204513888888888,8.708,0.1366,0.20688309153600937,0.032203500097586366,0.7609134083664043,0.9634154840437407,0
2009-10-24,1.815561111111111,5.752,0.1517111111111111,0.2736860685759675,0.022858655840430696,0.7034552755836018,0.7743416443938479,0
2009-10-25,1.6712055555555556,6.586,0.16887638888888887,0.13154444541561053,0.2701249890743816,0.5983305655100079,0.7569928983443108,2
2009-10-26,0.7724611111111112,3.848,0.11126111111111112,0.07056900906254643,0.0695290447184668,0.8599019462189867,0.8624344970497044,3
2009-10-27,0.775525,5.014,0.12069305555555555,0.061628525811601914,0.04779137839276211,0.890580095795636,0.8905754932235794,1
2009-10-28,0.8810472222222223,5.218,0.1145638888888889,0.09644341801385681,0.042771362586605084,0.8607852193995381,0.8297068421744419,1
2009-10-29,1.3760000000000001,6.032,0.1748902777777778,0.07239519258067569,0.39036623450364344,0.5372385729156809,0.9295630111645842,2
2009-10-30,1.0370541666666666,5.978,0.11703749999999999,0.14105613701236916,0.1589755788138281,0.6999682841738027,0.8747937190401684,0
2009-10-31,1.3027375,6.064,0.11879027777777777,0.09369055168040584,0.13284717818642994,0.7734622701331643,0.8516804634784902,1
2009-11-01,1.2799777777777777,5.216,0.1540986111111111,0.13442511088365747,0.03207096554077107,0.8335039235755715,0.7668964454871,1
2009-11-02,1.0446013888888888,4.366,0.1181125,0.19111969111969113,0.04785612680349523,0.7610241820768137,0.8588136055105399,1
2009-11-03,1.5740888888888889,6.938,0.1678902777777778,0.1340674007340674,0.26366366366366367,0.6022689356022689,0.8826677557005962,2
2009-11-04,1.25125,5.97,0.11974166666666666,0.062034739454094295,0.23128859137861388,0.7066766691672918,0.8262373816906584,2
2009-11-05,1.0836569444444444,5.268,0.11046111111111111,0.096045197740113,0.04624076488483268,0.8577140373750544,0.8930145579178957,1
2009-11-06,0.9655902777777778,4.19,0.11760694444444446,0.0,0.0375594833446635,0.9624405166553365,0.6865574570786414,1
2009-11-07,1.0813722222222222,4.318,0.13727777777777778,0.1734475374732334,0.03235783963835356,0.794194622888413,0.7341899723635394,1
2009-11-08,1.7416680555555555,6.23,0.1574222222222222,0.22575044546991366,0.09480513546854297,0.6794444190615434,0.7996903461388053,0
2009-11-09,0.9774145833333334,5.818,0.12355416666666667,0.12245119895601109,0.046762003153716494,0.8307867978902724,0.9863942898919292,1
2009-11-10,1.1154055555555555,5.452,0.11618194444444443,0.08382066276803118,0.032388663967611336,0.8837906732643575,0.6913517698868421,1
2009-11-11,1.417,6.91,0.15490833333333334,0.12531489521359276,0.27362384091761804,0.6010612638687892,0.8850266385229125,2
2009-11-12,1.0160180555555556,5.83,0.10638750000000001,0.1312952818519173,0.03790422336101785,0.8308004947870649,0.9802629405516137,1
2009-11-13,1.0645319444444443,4.838,0.10898055555555555,0.16222358185473298,0.035573813477842844,0.8022026046674242,0.810229609328415,1
2009-11-14,1.7780944444444446,6.038,0.17072777777777778,0.163824269097768,0.09474221942785288,0.7414335114743791,0.7095281772838647,0
2009-11-15,1.366186111111111,8.726,0.14663055555555554,0.0630607699650016,0.33585746102449887,0.6010817690104995,0.9974869789285651,2
2009-11-16,1.0517138888888888,7.116,0.1091625,0.1695469798657718,0.04572147651006712,0.7847315436241611,0.9503619147482973,0
2009-11-17,1.186315277777778,4.04,0.11640833333333335,0.0,0.03753417847377579,0.9624658215262242,0.6729012269858616,1
2009-11-18,1.8327597222222223,8.432,0.14158333333333334,0.21898448313542654,0.2788300429809864,0.5021854738835871,0.8089180831859399,2
2009-11-19,1.0242,3.968,0.10350972222222223,0.0,0.04213015678374354,0.9578698432162565,0.6573435686399509,1
2009-11-20,1.3618166666666667,6.408,0.10140694444444445,0.059931750319920374,0.028935020617090856,0.9111332290629888,0.7457598125224171,1
2009-11-21,1.733927777777778,8.018,0.1467388888888889,0.2812685240071132,0.09864651254692748,0.6200849634459593,0.8335428774114371,0
2009-11-22,1.7020666666666668,7.84,0.15460972222222222,0.2909543853620823,0.01765312258397045,0.6913924920539473,0.8986723486085486,0
2009-11-23,1.0216125,4.764,0.10301249999999999,0.0,0.04657089898053753,0.9534291010194624,0.8353795342232556,1
2009-11-24,1.4783722222222224,9.732,0.10681944444444444,0.15418420401089378,0.28342411487992075,0.5623916811091855,0.9411363396885893,2
2009-11-25,1.3750902777777778,5.69,0.12185833333333333,0.045360448124695564,0.3094861178762786,0.6451534339990258,0.778676863943929,2
2009-11-26,1.110851388888889,5.964,0.09829305555555555,0.17757889778615168,0.03195164075993091,0.7904694614539174,0.8768222368011362,1
2009-11-27,0.9583513888888889,3.038,0.09239722222222221,0.0,0.033013755731554816,0.9669862442684451,0.6903304863742756,1
2009-11-28,1.2909375,5.834,0.15640138888888888,0.17836632283245052,0.021522163367716753,0.8001115137998327,0.7344831651257783,1
2009-11-29,1.1465013888888889,6.436,0.13267777777777778,0.08970071894332052,0.2558936632670122,0.6544056177896673,0.9181082036283552,2
2009-11-30,1.2119375000000001,4.854,0.10651527777777778,0.08011869436201781,0.026780415430267063,0.8931008902077151,0.6745273649884415,1
2009-12-01,1.2197069444444444,4.088,0.0985236111111111,0.0,0.03167785234899329,0.9683221476510067,0.7103953982379947,1
2009-12-02,1.6289361111111111,6.044,0.11821527777777777,0.054309607526370804,0.3350755487978713,0.6106148436757579,0.6582974417550188,2
2009-12-03,1.0275611111111111,5.486,0.10084861111111111,0.09156605270115449,0.035427866396404335,0.8730060809024411,0.7902457643929663,1
2009-12-04,1.1883986111111111,4.63,0.1272375,0.10879368658399098,0.03307027433295753,0.8581360390830515,0.7969691575911295,1
2009-12-05,1.6331680555555557,6.01,0.19035555555555558,0.21843744641938617,0.02006058181402526,0.7615019717665885,0.8251258078872812,0
2009-12-06,1.651588888888889,8.494,0.2027027777777778,0.14656724093597326,0.21470815119568012,0.6387246078683466,0.869572950052398,2
2009-12-07,1.2101652777777778,5.038,0.11464444444444444,0.09608691961633138,0.030387912740853916,0.8735251676428147,0.7934347719984933,1
2009-12-08,1.3936694444444444,6.022,0.12443888888888889,0.06581917547819888,0.020791255791849827,0.9133895687299513,0.7513000471153918,1
2009-12-09,1.2516361111111112,5.09,0.1302736111111111,0.15351270553064275,0.2507473841554559,0.5957399103139014,0.8107571677976649,2
2009-12-10,1.4299750000000002,5.662,0.15531111111111112,0.15170078994035144,0.01886184104465581,0.8294373690149928,0.7127053095950192,1
2009-12-11,1.2392097222222223,5.6,0.15251666666666666,0.11728114094978,0.029206493703535123,0.8535123653466848,0.7573749791205681,1
2009-12-12,1.2613750000000001,6.788,0.17272916666666666,0.08108914584110406,0.3073480044759418,0.6115628496829542,1.0002286703369272,2
2009-12-13,1.4852874999999999,4.6,0.15429861111111112,0.2266340519938563,0.02372148586381478,0.7496444621423289,0.7896630108477062,0
2009-12-14,1.2464319444444445,6.974,0.10554305555555556,0.0772392290249433,0.16156462585034015,0.7611961451247166,1.0303441248027414,2
2009-12-15,1.3473027777777777,5.132,0.11273888888888889,0.07127734650670431,0.025149162763841663,0.903573490729454,0.6871902793954214,1
2009-12-16,0.9686625,4.884,0.10724305555555556,0.09376538146021329,0.24142739950779327,0.6648072190319935,0.9142089479263263,2
2009-12-17,1.1924875,4.24,0.10345138888888888,0.0,0.020948105828742434,0.9790518941712576,0.6462326121014603,1
2009-12-18,1.2116013888888888,4.936,0.1114013888888889,0.09217123023524874,0.023447743925954494,0.8843810258387967,0.7589926645514731,1
2009-12-19,1.5307875,5.698,0.09556111111111111,0.06654100982408043,0.15204477952935802,0.7814142106465616,0.6305330624511883,1
2009-12-20,0.7945597222222222,5.688,0.08479166666666667,0.13237025147137507,0.03349384697699304,0.8341359015516319,0.9619911014364746,1
2009-12-21,1.4131708333333333,7.2,0.11940833333333334,0.21883306751727805,0.018740031897926633,0.7624269005847953,0.8458006884293527,0
2009-12-22,1.3111263888888889,4.636,0.10650138888888888,0.0,0.01768648380290431,0.9823135161970957,0.6604823154411565,1
2009-12-23,1.0105555555555557,5.276,0.09403888888888888,0.09048448385053831,0.022482583913869536,0.8870329322355921,0.7703276621689619,1
2009-12-24,2.0179819444444442,7.57,0.14143055555555556,0.1997149131255538,0.21477828716723812,0.5855067997072081,0.899475863138215,2
2009-12-25,1.4775333333333334,5.878,0.1336,0.15639788438340912,0.1807089171383502,0.6628931984782407,0.727096141836347,2
2009-12-26,1.5164013888888888,6.446,0.111725,0.055093603381799604,0.1994704324801412,0.7454359641380591,0.6689454796992456,1
2009-12-27,1.5246194444444443,6.464,0.1438638888888889,0.2483221476510067,0.018721299894030378,0.7329565524549629,0.7755870158072242,0
2009-12-28,1.4542347222222223,4.952,0.12615833333333334,0.11344669309409555,0.10760484039223868,0.7789484665136658,0.7343810682351487,1
2009-12-29,1.4222000000000001,5.216,0.1680902777777778,0.10668021336042673,0.02929472525611718,0.8640250613834561,0.7395378947464449,1
2009-12-30,1.7021597222222222,7.84,0.1852736111111111,0.23687631685121263,0.20347872865019948,0.5596449544985879,0.899667791860132,2
2009-12-31,1.536036111111111,4.69,0.12959166666666666,0.0,0.019549403919983836,0.9804505960800162,0.598828335573992,1
2010-01-01,0.850175,4.976,0.11481666666666668,0.3722733882695104,0.052835676199709164,0.5748909355307804,0.8201614118678332,0
2010-01-02,0.910982638888889,6.236,0.1386486111111111,0.10622637756116968,0.039519925734367745,0.8542536967044626,1.0198324891053403,1
2010-01-03,1.4468430555555556,6.382,0.1330625,0.20397111913357402,0.26120195370567,0.534826927160756,0.8989206215163341,2
2010-01-04,1.1139805555555555,4.56,0.10861388888888888,0.0,0.026296829971181556,0.9737031700288185,0.7213344981900505,1
2010-01-05,1.541513888888889,5.544,0.10342777777777779,0.09624716920090585,0.015798554944462417,0.8879542758546317,0.6492322722501711,1
2010-01-06,1.2341527777777779,5.304,0.10561111111111111,0.1058974672702802,0.19919246298788695,0.6949100697418329,0.8179762607273507,1
2010-01-07,1.2287791666666668,4.908,0.07987777777777778,0.08325804433942595,0.017721870873583987,0.89902008478699,0.7749155213308391,1
2010-01-08,1.248061111111111,5.454,0.11095833333333334,0.0,0.07349353049907578,0.9265064695009242,0.7003415148525061,1
2010-01-09,1.6228472222222223,8.154,0.13847222222222222,0.12431828341528833,0.2170317389360751,0.6586499776486365,0.9141636971391066,2
2010-01-10,1.7419902777777776,7.35,0.15775694444444446,0.18087697929354446,0.10312626877791312,0.7159967519285424,0.8290962264624544,0
2010-01-11,1.0546416666666667,5.36,0.10847638888888889,0.10539174389216512,0.02864363942712721,0.8659646166807077,0.8589561230024962,1
2010-01-15,1.525527777777778,9.098,0.15159027777777778,0.10604172311026822,0.15995665131400705,0.7340016255757247,0.909560627693727,2
2010-01-16,1.4931333333333334,6.634,0.1684152777777778,0.13951371036846616,0.12933804627249357,0.7311482433590403,0.7469918308717997,0
2010-01-17,1.3239972222222223,5.12,0.13124027777777778,0.11491865697473175,0.01719164647513557,0.8678896965501327,0.7456454760494863,1
2010-01-18,1.3063180555555556,4.906,0.133175,0.04441085438710142,0.02123371482041316,0.9343554307924854,0.6191145085344147,1
2010-01-19,1.689936111111111,6.674,0.11232916666666666,0.09287531806615776,0.029671028716830243,0.877453653217012,0.7064375096180686,1
2010-01-20,1.6331444444444445,6.01,0.13879166666666667,0.11458384847435835,0.16522427179664706,0.7201918797289946,0.7655560338505352,2
2010-01-21,1.484622222222222,5.348,0.12876388888888887,0.05024165449027762,0.02523322468247724,0.9245251208272451,0.7132906947669625,1
2010-01-22,1.2434902777777777,5.228,0.10892916666666667,0.044914219623465916,0.02261774722097282,0.9324680331555613,0.627172168540516,1
2010-01-23,1.813570138888889,7.042,0.18099583333333336,0.13548691954121742,0.17552300356544526,0.6889900768933374,0.7724680318283749,2
2010-01-24,1.575986111111111,9.122,0.12169305555555555,0.20205756559935267,0.15951913073633106,0.6384233036643162,0.8777866610132169,2
2010-01-25,1.3406319444444443,6.048,0.1025513888888889,0.076173506319951,0.025335486385656216,0.8984910072943928,0.7975559020698321,1
2010-01-26,1.4358083333333331,4.666,0.09092361111111112,0.03064553717082265,0.023013283616872524,0.9463411792123049,0.5413177831299867,1
2010-01-27,1.9172930555555556,7.078,0.10330694444444445,0.07683921657080561,0.2407052366452389,0.6824555467839555,0.66314016780175,2
2010-01-28,1.4654402777777777,5.166,0.11008333333333334,0.11596187867374308,0.028762198253723677,0.8552759230725332,0.7058965733036894,1
2010-01-29,1.4534652777777777,5.964,0.1025513888888889,0.07294117647058823,0.041715686274509806,0.885343137254902,0.6975713871179683,1
2010-01-30,1.9741166666666667,8.006,0.16388611111111112,0.11299040976460331,0.2630863121185702,0.6239232781168265,0.7889502774941318,2
2010-01-31,1.2494416666666666,4.89,0.11910833333333333,0.10948672114402451,0.08810010214504596,0.8024131767109295,0.806572055986469,1
2010-02-01,1.1762347222222223,4.3,0.08665555555555556,0.06900192534625178,0.022793615303397304,0.9082044593503509,0.789281688880157,1
2010-02-02,1.4982166666666665,5.124,0.0910888888888889,0.0,0.017428597499771877,0.9825714025002281,0.5470100542135861,1
2010-02-03,2.0159819444444445,7.388,0.1275638888888889,0.07028030326863183,0.2649825400320886,0.6647371566992796,0.6535267336682021,2
2010-02-04,1.6085208333333334,6.124,0.09850555555555557,0.04236853524793877,0.020987021184267624,0.9366444435677936,0.5302565786149416,1
2010-02-05,1.4575638888888887,4.482,0.09929027777777778,0.04653322327692943,0.02445315724308708,0.9290136194799835,0.6084835467921935,1
2010-02-06,1.8840180555555555,7.416,0.20598194444444443,0.1772857728577286,0.09056990569905699,0.7321443214432144,0.7340598345556004,0
2010-02-07,1.1289638888888889,6.0,0.11282361111111111,0.225761201419259,0.31661028137635117,0.4576285172043898,0.905296614650383,2
2010-02-08,1.7932208333333333,5.154,0.09704861111111111,0.054364113129799586,0.020181681962914404,0.925454204907286,0.6312490045122383,1
2010-02-09,1.6812027777777776,5.348,0.09702222222222222,0.056747534240172016,0.019165147478147057,0.9240873182816809,0.5430446225350374,1
2010-02-10,1.3527944444444444,4.846,0.09837083333333332,0.07421387476789139,0.18118169918723936,0.7446044260448692,0.649561647622974,1
2010-02-11,0.9512277777777778,3.54,0.08621527777777778,0.0,0.03220769080616826,0.9677923091938317,0.7964634682169337,1
2010-02-12,1.3145819444444444,5.396,0.09186250000000001,0.07402767835838701,0.018611309949892626,0.9073610116917203,0.6736664922148832,1
2010-02-13,1.633025,8.724,0.1005513888888889,0.07113003095975232,0.20479876160990712,0.7240712074303406,0.7735125960350944,2
2010-02-14,1.1725694444444446,5.37,0.08665555555555556,0.08310427907292409,0.02168380331874173,0.8952119176083342,0.6414653552971671,1
2010-02-15,1.4563416666666666,6.174,0.09115972222222223,0.17457840422854265,0.01671281147747294,0.8087087842939844,0.884746512734527,1
2010-02-16,1.2484416666666667,6.014,0.08305972222222222,0.12896167617026918,0.021018432568624852,0.850019891261106,0.7297788929662373,1
2010-02-17,1.4267777777777777,7.33,0.08302777777777778,0.12054017129945878,0.34869423572066627,0.5307655929798749,0.8287160608229927,2
2010-02-18,1.223025,5.154,0.09722222222222222,0.05944314401872613,0.023715658494517677,0.9168411974867562,0.7198378469160048,1
2010-02-19,1.3566472222222221,5.544,0.09385416666666667,0.12447257383966245,0.023265353961556493,0.852262072198781,0.7574752813936619,1
2010-02-20,1.377588888888889,5.288,0.10503333333333333,0.20150537634408602,0.02053763440860215,0.7779569892473118,0.733931035637469,1
2010-02-21,1.9029958333333332,8.38,0.11629027777777777,0.1896884034693222,0.2615483456472856,0.5487632508833922,0.84916031803532,2
2010-02-22,1.0236361111111112,6.084,0.11154444444444445,0.10153801297470662,0.15795611925067424,0.7405058677746191,0.9761390931008642,1
2010-02-23,1.0147777777777778,6.758,0.11670694444444443,0.0,0.25417125434064536,0.7458287456593546,1.0496141416961344,2
2010-02-24,1.3293597222222222,6.512,0.10425555555555556,0.12378813605740265,0.09212904639316427,0.7840828175494331,0.7137317212671895,1
2010-02-25,1.3056972222222223,3.836,0.09088750000000001,0.0,0.03039630627164294,0.9696036937283571,0.49094492017236474,1
2010-02-26,1.4723305555555555,5.188,0.09674305555555555,0.0622116063188752,0.13321752347863852,0.8045708702024863,0.7154288891405707,1
2010-02-27,1.2257333333333333,4.752,0.1058263888888889,0.20186603386905405,0.023783842088232122,0.7743501240427139,0.7759151261491684,1
2010-02-28,0.49421250000000005,1.712,0.09310277777777778,0.0,0.14161093341087524,0.8583890665891247,0.6138556838900717,3
2010-03-01,0.9018944444444444,4.682,0.09033055555555555,0.19048127200939066,0.050261444883150146,0.7592572831074592,0.8075673338049597,1
2010-03-02,0.5325736111111111,2.978,0.09471944444444444,0.0,0.10523703152146935,0.8947629684785307,0.7203114222669466,3
2010-03-03,0.6498847222222222,2.128,0.08398194444444444,0.0,0.05558461940884123,0.9444153805911588,0.7197197004236567,3
2010-03-04,0.4742222222222222,1.586,0.08746805555555555,0.0,0.12960760998810938,0.8703923900118906,0.6173043047280102,3
2010-03-05,0.7873097222222223,4.464,0.09403888888888888,0.15019655686593467,0.04758031720211468,0.8022231259319507,0.8683155052031197,1
2010-03-06,0.5518833333333333,2.662,0.09691527777777777,0.0,0.09546593757120073,0.9045340624287993,0.7813794652454938,3
2010-03-07,0.9531055555555555,7.14,0.09301944444444445,0.0,0.5595594397222555,0.44044056027774453,0.9562610520534927,2
2010-03-08,1.7757625,7.08,0.17523472222222222,0.1514193316564858,0.274703557312253,0.5738771110312613,0.7679607003733073,2
2010-03-09,1.2223000000000002,4.216,0.11672083333333333,0.06970995385629532,0.032712590639419906,0.8975774555042848,0.7496597164608076,1
2010-03-10,1.2657166666666666,4.38,0.09048472222222223,0.07090776522056143,0.022785271600437477,0.9063069631790011,0.5896339160312492,1
2010-03-11,1.3549236111111111,5.704,0.105825,0.11443885726916063,0.01768248881030005,0.8678786539205393,0.7826353000078778,1
2010-03-12,1.1426555555555555,6.226,0.10327083333333334,0.1045246631227593,0.02540487081221412,0.8700704660650266,0.7168353857573672,1
2010-03-13,1.6548680555555555,6.21,0.1842791666666667,0.10806298615063556,0.20997913109466895,0.6819578827546955,0.7689873548728977,2
2010-03-14,1.0879958333333333,6.154,0.13932777777777777,0.30166332839850213,0.07994426543586171,0.6183924061656362,0.8017768043039024,0
2010-03-15,1.2443402777777777,5.578,0.11410555555555556,0.04782688879326243,0.026802729452265323,0.9253703817544723,0.7124074281389078,1
2010-03-16,1.0712847222222224,3.45,0.11648333333333333,0.0,0.04335863377609108,0.9566413662239089,0.6356277587826266,1
2010-03-17,1.3952291666666665,5.504,0.12899166666666667,0.0565399163846307,0.2912104320127414,0.6522496516026279,0.7044633006546098,2
2010-03-18,1.0851958333333334,5.28,0.11542638888888888,0.09130711670116223,0.04537494029613119,0.8633179430027066,0.7865860646776124,1
2010-03-19,1.1551277777777778,4.292,0.13158194444444446,0.0,0.045196026389626144,0.9548039736103738,0.5740373177328445,1
2010-03-22,1.1240208333333332,3.69,0.11913611111111112,0.07340275099627201,0.035801516904486436,0.8907957320992416,0.6394892534691625,1
2010-03-23,1.265390277777778,5.308,0.12960694444444446,0.16861007462686567,0.06722248134328358,0.7641674440298507,0.7533515654990107,1
2010-03-24,1.3852444444444445,5.888,0.14552638888888889,0.05450212938552018,0.2956803893733523,0.6498174812411276,0.758067235266599,2
2010-03-25,1.166586111111111,4.3,0.12969305555555558,0.0,0.0424069961132704,0.9575930038867296,0.6490952614000982,1
2010-03-26,1.146725,4.052,0.14297361111111112,0.07534773187949954,0.04766897322988747,0.876983294890613,0.7349758790734849,1
2010-03-27,1.2833125,6.896,0.13548055555555558,0.06416115453998797,0.185207456404089,0.7506313890559231,0.7691604151582819,2
2010-03-28,1.2487597222222222,6.152,0.18085277777777778,0.0672837972166998,0.4904945328031809,0.4422216699801193,0.9550574119281101,2
2010-03-29,1.126901388888889,4.196,0.14380694444444445,0.0,0.03961136023916293,0.9603886397608371,0.5593171367678313,1
2010-03-30,1.3239263888888888,4.878,0.19494305555555558,0.10934393638170974,0.03547465208747515,0.8551814115308151,0.686743619475137,1
2010-03-31,1.3359736111111111,5.848,0.13998472222222222,0.05494052829411462,0.3250605015189743,0.6199989701869111,0.7781440794093085,2
2010-04-01,1.1718333333333333,5.066,0.10032222222222222,0.10665068903535051,0.03097663271420012,0.8623726782504494,0.7607076366702845,1
2010-04-02,1.1448763888888889,4.398,0.10618472222222222,0.0,0.03562735118389024,0.9643726488161097,0.6376310900549195,1
2010-04-03,1.2536652777777777,4.446,0.14350694444444445,0.08836978131212724,0.03220675944333996,0.8794234592445328,0.6403651079901106,1
2010-04-04,1.1738805555555556,4.372,0.16595555555555555,0.07505986999657886,0.05685939103660623,0.8680807389668149,0.794823888477997,1
2010-04-05,0.7769583333333333,7.15,0.11487499999999999,0.20186335403726707,0.1651713825626869,0.632965263400046,1.0889248908990043,0
2010-04-06,1.267952777777778,5.604,0.11848194444444445,0.08102225654707576,0.04303868567015376,0.8759390577827705,0.7116217764922748,1
2010-04-07,1.1090152777777778,4.65,0.12814305555555555,0.06782542981296051,0.21663832735058883,0.7155362428364507,0.7902262309404972,1
2010-04-08,1.1452916666666666,6.57,0.11468194444444445,0.010257498585172609,0.04732597623089983,0.9424165251839276,0.7217356910098447,1
2010-04-09,0.8564930555555554,4.254,0.11283472222222223,0.08882357743489265,0.046207853702343045,0.8649685688627643,0.8662373372251806,1
2010-04-10,0.8265333333333333,5.532,0.12466666666666668,0.09545579226478924,0.08777544116302459,0.8167687665721861,0.8509675536210368,1
2010-04-11,1.113320138888889,8.32,0.12155625,0.3689613526570048,0.037171229200214706,0.5938674181427804,1.1800622873334887,0
2010-04-12,0.9996013888888888,3.708,0.10953472222222221,0.049924357034795766,0.0462178517397882,0.903857791225416,0.7131622687928919,1
2010-04-13,1.0504888888888888,3.772,0.11884722222222222,0.07424201407688143,0.04371954520844613,0.8820384407146724,0.7169508705331562,1
2010-04-14,1.1530305555555556,5.34,0.12444305555555556,0.06988948570722973,0.3624745323208001,0.5676359819719701,0.8692188738262943,2
2010-04-15,1.3001236111111112,5.544,0.11620555555555556,0.1339981963821548,0.034905310063126624,0.8310964935547186,0.665016814621431,1
2010-04-16,1.0847652777777776,5.11,0.11831944444444444,0.17673810117119362,0.03688013954647396,0.7863817592823324,0.7808216418462834,1
2010-04-17,1.0817444444444444,5.92,0.10407083333333333,0.03403495814869523,0.19226981782373215,0.7736952240275726,0.8543539267317373,1
2010-04-18,1.0250736111111112,4.29,0.10293888888888889,0.0773542600896861,0.04330156950672646,0.8793441704035875,0.7637772208889548,1
2010-04-19,1.186523611111111,5.84,0.11555833333333333,0.064876839495754,0.2244316683369376,0.7106914921673084,0.7887400037299337,2
2010-04-20,1.2733527777777778,4.484,0.12215416666666666,0.07392809587217045,0.03829560585885486,0.8877762982689748,0.6044802189970461,1
2010-04-21,1.0971625,2.73,0.11000416666666667,0.0,0.04690847307379774,0.9530915269262022,0.5456111888096385,1
2010-04-22,1.0145166666666667,3.824,0.12961805555555556,0.07475188287463926,0.04596325754909552,0.8792848595762652,0.7189041882204277,1
2010-04-23,0.8198166666666667,4.758,0.12303055555555555,0.0,0.0536883833160979,0.9463116166839021,0.739660053525645,1
2010-04-24,1.0544569444444443,4.34,0.21308194444444445,0.3141120768850258,0.10479824747367678,0.5810896756412974,0.9792191815843297,0
2010-04-25,1.071348611111111,4.356,0.16596527777777778,0.0,0.23629964806435394,0.763700351935646,0.7965844309681487,3
2010-04-26,0.751886111111111,3.706,0.11556944444444443,0.11365378298478046,0.05036680170809154,0.835979415307128,0.8595630861056932,3
2010-04-27,0.8687083333333334,3.76,0.11269444444444444,0.0,0.05999559665345663,0.9400044033465433,0.6142828735004713,1
2010-04-28,0.6026791666666667,3.692,0.1268638888888889,0.0,0.08740359897172237,0.9125964010282777,0.87991154832279,3
2010-04-29,0.7664749999999999,4.368,0.12063472222222223,0.001364721937905152,0.07722051631979984,0.921414761742295,0.7275838068849014,3
2010-04-30,0.776825,4.32,0.14471805555555556,0.26106751913203524,0.06383803157996706,0.6750944492879977,1.0081499388964232,0
2010-05-01,0.9167763888888888,5.038,0.13369722222222222,0.14566813509544788,0.35866372980910427,0.4956681350954479,1.0565134053770968,2
2010-05-02,1.5193819444444443,7.33,0.1624861111111111,0.07653019194332317,0.3281159897849905,0.5953538182716863,0.8791104930644968,2
2010-05-03,0.9800708333333332,4.35,0.10638333333333334,0.07346877577029762,0.04003298598095809,0.8864982382487443,0.8566877149791937,1
2010-05-04,1.0534444444444444,3.72,0.10711111111111112,0.0,0.0781573896353167,0.9218426103646833,0.6422863106031262,1
2010-05-05,1.253686111111111,5.204,0.08972222222222222,0.17116338060647987,0.12648449210192553,0.7023521272915946,0.7804969627097446,1
2010-05-06,0.9022569444444445,3.496,0.08243333333333334,0.0,0.028447216709195727,0.9715527832908043,0.643828047831965,1
2010-05-07,1.1416694444444444,4.174,0.10080833333333332,0.07026089277373723,0.022152532194568628,0.9075865750316942,0.7057171670482376,1
2010-05-08,1.0648763888888888,6.492,0.12029305555555556,0.22082663036752878,0.15066204677638906,0.6285113228560821,1.0304151280722076,0
2010-05-09,1.0878541666666666,6.066,0.14262777777777777,0.18669597259034199,0.17040532678259745,0.6428987006270606,0.9532935778669246,0
2010-05-10,1.0193694444444446,4.602,0.10020694444444445,0.0,0.030309867629362216,0.9696901323706378,0.7732409000136271,1
2010-05-11,1.0912277777777777,4.414,0.1057638888888889,0.08948060995433083,0.02670485331682019,0.883814536728849,0.6633167261740441,1
2010-05-12,1.4134847222222222,5.89,0.11097083333333334,0.04745327958959326,0.20309637229754487,0.7494503481128618,0.6970626470215993,1
2010-05-13,1.0792972222222224,4.688,0.10701458333333333,0.15036449854908346,0.10453676834878618,0.7450987331021304,0.8855149857369813,1
2010-05-14,1.1959347222222223,4.632,0.11103055555555555,0.057597971669514414,0.018409303863749105,0.9239927244667365,0.638098775948045,1
2010-05-15,1.3505361111111112,6.714,0.16176666666666667,0.19287731228029736,0.01936264622831787,0.7877600414913848,0.8887198321960659,0
2010-05-16,1.4586291666666666,8.418,0.11415416666666667,0.17531688487820146,0.20457983412445882,0.6201032809973397,0.852796661431049,2
2010-05-17,1.1306819444444445,4.16,0.10234444444444445,0.06062780269058296,0.02194319880418535,0.9174289985052317,0.6105927412415612,1
2010-05-18,0.9869333333333333,3.086,0.10392499999999999,0.0,0.030713040591018512,0.9692869594089815,0.588548446731482,1
2010-05-19,0.9908,5.322,0.10503749999999999,0.16781336496638988,0.05211546065638592,0.7800711743772242,0.7316991952649148,1
2010-05-20,0.8013180555555555,3.332,0.09662499999999999,0.0,0.03524355300859599,0.9647564469914041,0.7189212292808445,3
2010-05-21,0.898886111111111,4.658,0.11645416666666666,0.09276389729402611,0.032938532030777214,0.8742975706751966,0.7689312642539765,1
2010-05-22,1.4553972222222222,7.806,0.14770694444444446,0.10273756370360348,0.11008884679565237,0.7871735895007441,0.7338604799119489,1
2010-05-23,1.033025,4.612,0.1757638888888889,0.0798447463265872,0.03844376674983828,0.8817114869235745,0.6744746574129695,1
2010-05-24,0.9314805555555556,5.124,0.15836111111111112,0.15511250827266712,0.20408669755129052,0.6408007941760424,0.891822745628319,0
2010-05-25,0.8323791666666667,4.832,0.1415736111111111,0.04171066525871172,0.03968673002463921,0.9186026047166491,0.8560698231204454,3
2010-05-26,0.9638083333333334,6.53,0.16778472222222224,0.0655479059093517,0.3227194492254733,0.611732644865175,1.033007959338142,2
2010-05-27,0.9189875000000001,3.846,0.13599722222222224,0.07738292925938227,0.03678180006642311,0.8858352706741947,0.7401245845367354,1
2010-05-28,0.9709472222222222,3.684,0.11282638888888889,0.07816690934171201,0.031649934860908883,0.890183155797379,0.6611836896777168,1
2010-05-29,1.4234777777777778,5.614,0.1427861111111111,0.19234780959605538,0.018964536317087048,0.7886876540868576,0.7285589539985287,1
2010-05-30,1.1567361111111112,5.658,0.12284166666666667,0.1593876333753065,0.19722977003114853,0.643382596593545,0.8631772480738737,2
2010-05-31,0.9308763888888889,4.164,0.10130138888888889,0.11923023288244318,0.15137358806303167,0.7293961790545251,0.8133725649646041,1
2010-06-01,0.8812249999999999,4.162,0.09511805555555555,0.07332930148170547,0.03023888720895071,0.8964318113093438,0.782936796520859,1
2010-06-02,0.6811791666666667,2.956,0.08974861111111111,0.0,0.07200878155872667,0.9279912184412733,0.8184044123777642,3
2010-06-03,0.9681847222222222,5.038,0.11391388888888888,0.18607619169165976,0.02877927381788016,0.7851445344904601,0.8423983565624067,1
2010-06-04,0.9864958333333333,4.46,0.12864166666666665,0.11602436853994114,0.02717502909165583,0.856800602368403,0.7992087725362164,1
2010-06-05,1.3955861111111112,5.326,0.20415972222222223,0.4478859390363815,0.05133562766306129,0.5007784333005572,0.7954834288016647,0
2010-06-06,1.21305,4.836,0.2022125,0.38924698178841827,0.029363617761407817,0.581389400450174,0.8948790331320875,0
2010-06-07,0.7028347222222222,4.088,0.12785416666666669,0.20130444395312846,0.05394649568870219,0.7447490603581693,0.9763687670352061,0
2010-06-08,0.9458569444444446,4.626,0.13773194444444445,0.11037350452290633,0.059892033848847386,0.8297344616282463,0.8023288323843861,1
2010-06-09,1.065751388888889,4.986,0.1267597222222222,0.18133089292718002,0.2790560857628448,0.5396130213099751,0.8302040111245096,2
2010-06-10,0.8438819444444445,2.982,0.12029583333333334,0.0,0.041784203102961916,0.9582157968970381,0.7150610380420126,3
2010-06-11,1.0213,5.15,0.15178472222222222,0.21995522865366166,0.029932842980492484,0.7501119283658458,0.7824880305658354,0
2010-06-12,1.3711576388888889,4.222,0.18871180555555556,0.11988122673284879,0.16216096436801986,0.7179578088991314,0.6347239077606247,0
2010-06-13,1.1627472222222222,6.244,0.17619166666666666,0.297689609289948,0.1521712834159913,0.5501391072940607,0.9008066624620141,0
2010-06-14,0.8458222222222221,4.168,0.12405555555555554,0.08141412424577207,0.04019716155349707,0.8783887142007308,0.7856742300719153,1
2010-06-15,0.8499763888888888,3.394,0.12437222222222223,0.0,0.04589917231000752,0.9541008276899925,0.7041440895656775,3
2010-06-16,1.2278416666666667,4.798,0.12713750000000001,0.10894828588030216,0.29047065659500293,0.6005810575246949,0.6329085161017911,2
2010-06-17,0.7139013888888889,3.516,0.11685277777777778,0.0,0.05423427428317404,0.9457657257168259,0.782569544974292,3
2010-06-18,0.9252194444444445,4.1,0.11904027777777779,0.07286694510739856,0.03386038186157518,0.8932726730310262,0.7757469239220821,1
2010-06-19,0.9834861111111112,6.22,0.14639444444444444,0.17355552321350604,0.13120360937272596,0.695240867413768,0.9371661381196658,0
2010-06-20,1.1614930555555556,5.84,0.10005555555555556,0.058166695151825897,0.2389904859568165,0.7028428188913576,0.8645903045954736,2
2010-06-21,1.1533958333333334,7.508,0.11783333333333333,0.20639032815198619,0.19025259067357514,0.6033570811744386,0.9165669968816214,2
2010-06-22,1.055963888888889,4.956,0.14544027777777777,0.059118114083302795,0.3771833394405765,0.5636985464761207,0.9097272970508158,2
2010-06-23,1.0014333333333334,5.452,0.20589027777777777,0.32935506082166627,0.08606839568510442,0.5845765434932293,1.053890761328056,0
2010-06-24,0.7609583333333333,3.638,0.1602652777777778,0.09782827267243113,0.08877940880756083,0.813392318520008,0.872121591687357,3
2010-06-25,0.7634986111111112,3.334,0.1518986111111111,0.0,0.06176602420439265,0.9382339757956073,0.8639890603903378,3
2010-06-26,0.6816805555555555,3.976,0.20450694444444445,0.09135998412855867,0.1211189366134312,0.7875210792580101,0.8956496586347877,3
2010-06-27,0.7916416666666666,4.486,0.21160416666666665,0.23967982732260096,0.0687112150373235,0.6916089576400756,0.934639094924016,0
2010-06-28,1.021763888888889,3.242,0.1950611111111111,0.0,0.06071294559099437,0.9392870544090056,0.6915299899998482,3
2010-06-29,0.9503770833333333,5.104,0.22447916666666667,0.1455849245393146,0.1654298340698741,0.6889852413908113,0.8689778407011498,0
2010-06-30,0.9612055555555555,3.736,0.16568611111111112,0.062013088189467123,0.12558429417263944,0.8124026176378935,0.646668901519078,3
2010-07-01,0.9368069444444445,5.404,0.20031388888888887,0.09495452576873105,0.09971849285404938,0.8053269813772196,0.7742145412012126,0
2010-07-02,0.7923111111111112,4.07,0.20645694444444446,0.10159436410826844,0.11518971696947225,0.7832159189222593,0.7345044770268281,3
2010-07-03,0.7778291666666667,3.286,0.21868472222222224,0.0,0.1359741536732687,0.8640258463267313,0.7524830856784307,3
2010-07-04,1.0681166666666666,3.394,0.19454583333333333,0.10410361941653552,0.09732477908243554,0.7985716015010289,0.6887179513193002,3
2010-07-05,0.7736041666666666,4.428,0.16239305555555555,0.09789314398789431,0.09742754044930742,0.8046793155627983,0.8571658278008949,3
2010-07-06,0.6985652777777778,2.368,0.1335361111111111,0.0,0.08360442420299284,0.9163955757970071,0.7365361628691319,3
2010-07-07,0.5797138888888889,3.712,0.14551111111111112,0.11876773408998784,0.10268882583434671,0.7785434400756654,0.9868094063638502,3
2010-07-08,0.8421194444444444,5.126,0.17145416666666666,0.08034877179823739,0.12657041065066565,0.7930808175510969,0.9086056007609606,3
2010-07-09,0.7524152777777778,2.392,0.21810694444444445,0.0,0.10449757565624478,0.8955024243437553,0.6345901112406187,3
2010-07-10,0.8017388888888888,3.906,0.1953347222222222,0.08194795807734008,0.11203469461510661,0.8060173473075533,0.8667770079141897,3
2010-07-11,0.8288694444444445,4.632,0.21015555555555557,0.09194405291120027,0.06440420687411905,0.8436517402146807,0.855114611601295,3
2010-07-12,0.7705375000000001,3.758,0.19854999999999998,0.1955979124120717,0.07329248922169276,0.7311095983662356,0.8251525009213717,0
2010-07-13,0.9598013888888889,5.016,0.19980694444444444,0.17494035249749865,0.21750173170168552,0.6075579158008159,0.8637933022729052,0
2010-07-14,0.9788,5.902,0.17255555555555555,0.11518891414961567,0.06473963408032911,0.8200714517700552,0.9231902683073514,0
2010-07-15,1.1359812500000002,4.676,0.13355833333333333,0.09642748357338671,0.1896349158000087,0.7139376006266046,0.693494740225915,1
2010-07-16,0.5694833333333333,2.376,0.13661666666666666,0.0,0.1284486657620986,0.8715513342379014,0.7511619176519306,3
2010-07-17,0.5599666666666666,2.766,0.1259375,0.0,0.08153730218538056,0.9184626978146194,0.8047187925436742,3
2010-07-18,0.5639152777777778,2.626,0.11800694444444446,0.0,0.11213690610222923,0.8878630938977707,0.8462279884320681,3
2010-07-19,0.5563597222222222,2.474,0.13367916666666665,0.0,0.08250676284941388,0.9174932371505861,0.8292604307848283,3
2010-07-20,0.5943222222222222,2.676,0.15170833333333333,0.0015687641624542443,0.09586892103887049,0.9025623147986752,0.7667026547173355,3
2010-07-21,0.7390041666666666,3.728,0.1696152777777778,0.23086546116228818,0.06653019447287616,0.7026043443648357,1.0012505914164669,0
2010-07-22,0.8086430555555555,3.344,0.21616944444444444,0.0,0.27736943907156675,0.7226305609284333,0.8575311263992287,3
2010-07-23,0.8167763888888888,3.66,0.1981111111111111,0.07939458311205523,0.186404673393521,0.7342007434944238,0.7144560389087511,3
2010-07-24,0.6400472222222222,3.162,0.1985097222222222,0.0,0.3500334001336005,0.6499665998663995,0.723936445019746,3
2010-07-25,0.7850069444444445,5.916,0.17928194444444445,0.0,0.3308217356617321,0.6691782643382679,0.9187424035964808,2
2010-07-26,0.6139930555555555,3.508,0.1235138888888889,0.0,0.3513217581730017,0.6486782418269983,1.0431924746606167,3
2010-07-27,0.6613611111111111,3.572,0.12134027777777777,0.16575292397660818,0.09557748538011696,0.7386695906432749,0.8807231673565555,3
2010-07-28,0.5990652777777777,4.21,0.1269902777777778,0.09338929695697797,0.0634254401305818,0.8431852629124402,1.0123397330721347,3
2010-07-29,0.38132222222222223,2.162,0.12310138888888889,0.0,0.11437699680511182,0.8856230031948882,0.8941525932343485,3
2010-07-30,0.38281944444444443,2.044,0.1200375,0.0,0.11555940272668254,0.8844405972733175,0.9067765543747385,3
2010-07-31,0.38515,2.03,0.12620138888888888,0.0,0.11369294605809128,0.8863070539419087,0.8680578461448067,3
2010-08-01,0.38587777777777776,2.08,0.12811805555555555,0.0,0.11574362165525824,0.8842563783447418,0.8736864823149908,3
2010-08-02,0.38158472222222223,2.04,0.12725277777777777,0.0,0.11339115718214512,0.8866088428178549,0.8964790847860008,3
2010-08-03,0.42723055555555556,2.052,0.12299722222222222,0.0,0.11399524118537746,0.8860047588146226,0.7996500411555776,3
2010-08-04,0.37733055555555556,2.06,0.12460555555555555,0.0,0.1144578313253012,0.8855421686746988,0.9018777960310033,3
2010-08-05,0.37046944444444446,1.914,0.12061111111111111,0.0,0.1141280353200883,0.8858719646799117,0.8892258970690826,3
2010-08-06,0.36440694444444444,1.716,0.11429444444444445,0.0,0.11383026493039965,0.8861697350696004,0.8899996466569149,3
2010-08-07,0.36630277777777775,1.988,0.11668472222222223,0.0,0.11586452762923351,0.8841354723707665,0.9047202101735929,3
2010-08-08,0.3669861111111111,1.984,0.11673055555555556,0.0,0.11730597680642284,0.8826940231935771,0.9015664232901157,3
2010-08-09,0.3715722222222222,1.93,0.11909166666666667,0.0,0.1130129471143296,0.8869870528856704,0.8866526373716624,3
2010-08-10,0.3783041666666667,2.094,0.12625555555555554,0.0,0.11251607372481782,0.8874839262751821,0.921477385627486,3
2010-08-11,0.3763902777777777,1.992,0.12226666666666666,0.0,0.11630901287553648,0.8836909871244635,0.9047378840209839,3
2010-08-12,0.3678458333333333,2.038,0.11742916666666668,0.0,0.11432384341637011,0.8856761565836299,0.9061378948088182,3
2010-08-13,0.37103749999999996,1.974,0.11495694444444446,0.0,0.11031487513572204,0.889685124864278,0.8954128301410281,3
2010-08-14,0.3849097222222222,1.984,0.11146527777777777,0.0,0.10274934778246037,0.8972506522175396,0.9524224417587586,3
2010-08-15,0.7333236111111112,4.78,0.14359027777777778,0.0,0.4522451519236752,0.5477548480763248,1.0554161923462264,2
2010-08-16,0.7845347222222222,3.242,0.12848333333333334,0.16414547795300932,0.049672781890355115,0.7861817401566356,0.8194958800893943,3
2010-08-17,0.781012246059124,4.378,0.10469450604107516,0.13002270743581676,0.10256667463449021,0.767410617929693,0.7877122638208436,1
2010-08-23,0.5317069444444444,2.26,0.14360833333333334,0.0,0.08469494828361565,0.9153050517163843,0.822805196953,3
2010-08-24,0.5020472222222222,2.136,0.12184583333333333,0.0,0.08651847113385575,0.9134815288661442,0.8641273409399152,3
2010-08-25,0.6808388888888889,3.948,0.11189722222222223,0.09272727272727273,0.049952153110047845,0.8573205741626794,0.9567708792945258,3
2010-08-26,0.5258694444444444,3.33,0.12367638888888889,0.0,0.0957977207977208,0.9042022792022792,0.8707047852400601,3
2010-08-27,1.4101736111111112,5.33,0.21133194444444442,0.04382657869934024,0.3573515551366635,0.5988218661639962,0.8109025914447797,2
2010-08-28,1.0019833333333332,5.042,0.16493333333333332,0.13356383659879625,0.03515174798309643,0.8312844154181073,0.8863136970338686,0
2010-08-29,1.1586666666666667,5.578,0.13312083333333333,0.18065408200072142,0.032102921726584105,0.7872429962726945,0.8732206683836,0
2010-08-30,1.0380569444444443,5.12,0.12545555555555557,0.06619718309859154,0.10352112676056338,0.8302816901408451,0.7863763117690089,1
2010-08-31,0.9479902777777778,4.624,0.11698611111111111,0.17818336162988116,0.1462648556876061,0.6755517826825127,0.8021578628532495,0
2010-09-01,1.1064708333333333,4.796,0.12512500000000001,0.1136536104138696,0.0696982079271496,0.8166481816589808,0.796981894611236,1
2010-09-02,0.9670083333333334,4.486,0.11827222222222224,0.07030422279400636,0.03783865597093991,0.8918571212350538,0.7419360818468462,1
2010-09-03,0.9350097222222222,5.5,0.11708055555555556,0.08385370205173952,0.046654772524531665,0.8694915254237288,0.7722711364801373,1
2010-09-04,1.2109999999999999,4.808,0.15140555555555554,0.15711700844390833,0.04427020506634499,0.7986127864897467,0.7175118242804931,1
2010-09-05,0.9187625,4.352,0.12986805555555556,0.13621740602776838,0.2312902133423637,0.6324923806298679,0.862455828252839,0
2010-09-06,0.9881083333333334,5.074,0.11194722222222223,0.2281182408074982,0.038356164383561646,0.7335255948089402,0.8396374485201474,0
2010-09-07,1.0082319444444445,5.192,0.11664027777777777,0.1314032697547684,0.06280653950953678,0.8057901907356948,0.8761984929501917,1
2010-09-08,0.9054249999999999,4.13,0.11887638888888888,0.00012540757461750688,0.062076749435665914,0.9377978429897166,0.8612762829479954,3
2010-09-09,0.8602180555555555,6.426,0.11663472222222222,0.16546499954367072,0.19421374463813088,0.6403212558181984,0.9361950524809847,0
2010-09-10,0.9222972222222222,4.396,0.138925,0.07794722827402566,0.05277172597434036,0.869281045751634,0.9651921701460596,3
2010-09-11,1.0161875,3.788,0.16363194444444445,0.08191667400687043,0.12569364925570334,0.7923896767374262,0.7527317420449063,3
2010-09-12,1.1195083333333333,5.156,0.13983194444444444,0.14128052598622418,0.1628052598622417,0.6959142141515341,0.810653875826735,0
2010-09-13,0.7474444444444444,3.848,0.13180416666666667,0.14768986264048134,0.09058917016687479,0.7617209671926439,0.9367214121601369,3
2010-09-14,0.993526388888889,4.804,0.13680833333333334,0.12620378476665095,0.18216714930298336,0.6916290659303657,0.8839015216366124,0
2010-09-15,0.6847875,3.384,0.15247083333333333,0.0,0.12984384037015617,0.8701561596298438,0.9028233688041567,3
2010-09-16,0.9303736111111112,5.28,0.11899305555555555,0.08587738893025565,0.061140067841482584,0.8529825432282617,0.8823511076965357,1
2010-09-17,1.0400055555555556,5.758,0.13655694444444444,0.11375676777085637,0.3199627408744251,0.5662804913547185,1.0611212697978907,2
2010-09-18,0.8666291666666666,2.974,0.11248472222222222,0.07266000739918609,0.05578986311505734,0.8715501294857566,0.7728003671168437,3
2010-09-19,0.6386111111111111,3.762,0.10236527777777778,0.0,0.20222806746093144,0.7977719325390685,1.0793159692450036,3
2010-09-20,1.1686333333333334,6.17,0.13556527777777777,0.1915163391159011,0.04414731139415596,0.7643363494899429,0.7800235880062224,0
2010-09-21,0.7717888888888889,3.636,0.12480138888888889,0.0,0.07851526364477336,0.9214847363552267,0.926271921520347,3
2010-09-22,1.0488847222222222,4.484,0.13078472222222223,0.16044655026935808,0.07574479132861686,0.763808658402025,0.8013842014106319,1
2010-09-23,1.0068486111111112,3.92,0.11454027777777777,0.07410364348962113,0.05479750326607635,0.8710988532443025,0.7696494022527373,1
2010-09-24,0.9222166666666667,3.952,0.12865,0.15557344784397925,0.06915369475755949,0.7752728573984613,0.8378164705187401,1
2010-09-29,1.1697402777777777,4.422,0.0968125,0.10337828990441272,0.04242503600890402,0.8541966740866832,0.6051559527293946,1
2010-09-30,0.8668597222222222,3.932,0.10641388888888888,0.0,0.08802374700308255,0.9119762529969174,0.7195998965420162,3
2010-10-01,1.045013888888889,4.136,0.10957222222222221,0.1271131103533338,0.0525284771094827,0.8203584125371834,0.76918271565837,1
2010-10-02,1.3355930555555555,6.414,0.11533750000000001,0.21770348040559057,0.04061386681282543,0.741682652781584,0.8611830472353645,0
2010-10-03,1.2713083333333333,6.796,0.14084305555555554,0.32675467259181806,0.1675597961050843,0.5056855313030977,0.9270007327844744,0
2010-10-04,1.2333055555555557,5.212,0.13026666666666667,0.15997379013385754,0.06758401198165309,0.7724421978844894,0.7438476858115101,1
2010-10-05,1.2879333333333334,5.252,0.14766805555555557,0.0,0.20014618911555584,0.7998538108844442,0.6241976867126356,1
2010-10-06,0.913511111111111,4.174,0.09761666666666667,0.10585538653886226,0.054907272348405915,0.8392373411127318,0.7866255943310796,1
2010-10-07,1.2569124999999999,4.94,0.12506666666666666,0.1404867256637168,0.0353331598125976,0.8241801145236856,0.735802509923618,1
2010-10-08,1.0489277777777777,5.226,0.13931666666666667,0.08309628480303421,0.06120162054995259,0.8557020946470132,0.7754576433779451,1
2010-10-09,1.1192916666666666,4.048,0.1764027777777778,0.061176320489920895,0.1011099770349579,0.8377137024751212,0.6788176398604934,3
2010-10-10,1.3881277777777778,6.892,0.22739305555555558,0.23098298020145883,0.05369920111149705,0.7153178186870441,0.8594232992416142,0
2010-10-11,1.126798611111111,6.158,0.18647916666666664,0.06828507493049434,0.3394588729911168,0.5922560520783888,0.8789979394102985,2
2010-10-12,1.0970083333333334,5.696,0.11824166666666666,0.09439124487004104,0.06668946648426813,0.8389192886456909,0.8346134299606007,1
2010-10-13,1.4401986111111111,3.962,0.11989166666666667,0.1035848270112547,0.031836181742392666,0.8645789912463526,0.6421069398552284,1
2010-10-14,1.482723611111111,6.298,0.1499611111111111,0.1340912630431397,0.12671961792036546,0.7391891190364949,0.8724663370440363,0
2010-10-15,1.1085583333333333,4.238,0.13995833333333332,0.057768762677484785,0.06709939148073023,0.8751318458417849,0.6878503651381775,1
2010-10-16,0.6944541666666667,3.35,0.11662361111111111,0.0,0.07770148174918684,0.9222985182508131,0.89749767255955,3
2010-10-17,0.7273486111111112,4.326,0.12881527777777776,0.15689057079785557,0.10501419110690634,0.7380952380952381,1.0160167038051051,0
2010-10-18,1.8846416666666668,6.29,0.1813777777777778,0.07747797738780607,0.35437330928764654,0.5681487133245474,0.8261160922206993,2
2010-10-19,1.3374847222222224,6.492,0.15247916666666667,0.0702247191011236,0.28158399561523706,0.6481912852836393,0.8837900695141953,2
2010-10-20,1.199975,4.978,0.11289166666666667,0.16350387126157584,0.05237589190830424,0.7841202368301199,0.8102710798807419,1
2010-10-21,0.9411097222222223,4.762,0.12599583333333333,0.09203949774472754,0.08423747409484335,0.8237230281604291,0.9363937860671323,1
2010-10-22,1.1589527777777777,4.642,0.10314027777777778,0.07744555703382117,0.03347104544499685,0.889083397521182,0.6339069885234944,1
2010-10-23,1.592525,6.234,0.14799444444444443,0.17723500118567703,0.18415935499170025,0.6386056438226227,0.7224916127113701,2
2010-10-24,1.6613222222222224,6.172,0.18716597222222223,0.0869965982662131,0.3319653242620432,0.5810380774717436,0.706784619227202,2
2010-10-25,0.8078416666666666,5.422,0.11064444444444445,0.0,0.0742214295513788,0.9257785704486212,0.7627949722149914,1
2010-10-26,0.6568777777777778,4.616,0.1203236111111111,0.0,0.33275377825331015,0.6672462217466898,1.0875194085160982,3
2010-10-27,0.8751930555555556,4.29,0.10682777777777777,0.0,0.19928343178076885,0.8007165682192311,0.8502548320421675,3
2010-10-28,1.0161986111111112,5.294,0.1300277777777778,0.08605757977685886,0.2049621596317391,0.7089802605914021,0.8878517583983648,2
2010-10-29,0.8364041666666667,4.054,0.13591666666666666,0.18820028011204482,0.12710084033613445,0.6846988795518207,0.7015270402252053,0
2010-10-30,1.4949305555555554,5.02,0.1356388888888889,0.1287903667214012,0.03360700602079912,0.8376026272577997,0.7184011928967677,1
2010-10-31,1.025298611111111,4.7,0.1445013888888889,0.18578667013121997,0.08808626737690009,0.72612706249188,0.7919975809291583,0
2010-11-01,0.9605416666666667,2.86,0.12992083333333335,0.0,0.067590618336887,0.932409381663113,0.5960916058981981,3
2010-11-02,0.8271402777777779,3.146,0.1295277777777778,0.0,0.09027996225228059,0.9097200377477194,0.7403110681713535,3
2010-11-03,0.8981236111111112,5.026,0.12240555555555556,0.11792561792561793,0.12797412797412797,0.754100254100254,0.9130958244873294,1
2010-11-04,1.7744069444444446,8.126,0.17530416666666665,0.21917260433328487,0.4068998109640832,0.373927584702632,0.9591650875986341,2
2010-11-05,1.2056166666666666,5.374,0.12534583333333332,0.0,0.05895522388059701,0.941044776119403,0.631686118094023,1
2010-11-06,1.2537555555555555,4.896,0.13469305555555555,0.23693405153588587,0.04949774348522347,0.7135682049788906,0.7320182446220603,0
2010-11-07,1.1623722222222221,3.338,0.12151111111111111,0.11944121071012806,0.07229336437718277,0.8082654249126892,0.6752814057257298,1
2010-11-08,1.2677361111111112,5.51,0.10115,0.07404632152588556,0.03780653950953679,0.8881471389645776,0.7041234202235176,1
2010-11-09,1.4042347222222222,5.644,0.10740972222222221,0.13814229249011858,0.03840579710144928,0.8234519104084321,0.7941434117411084,1
2010-11-10,1.3517597222222224,7.638,0.10657777777777779,0.050812202852614896,0.2901148969889065,0.6590729001584786,0.8668404056683016,2
2010-11-11,1.231661111111111,5.506,0.1056861111111111,0.2877552735523994,0.18623413732246408,0.5260105891251365,0.8308401948225175,0
2010-11-12,1.2755708333333333,4.78,0.10496111111111112,0.15983191969496538,0.03805151350089487,0.8021165668041398,0.7288996346045291,1
2010-11-13,1.4049819444444445,5.02,0.112625,0.06783708771703349,0.03801716904408443,0.8941457432388821,0.6633114642998773,1
2010-11-14,1.41555,4.946,0.14145416666666666,0.36475325916319706,0.03747184492526107,0.5977748959115419,0.7713225515012108,0
2010-11-15,1.2134597222222223,7.656,0.08799722222222221,0.07562434048540274,0.2970102004924376,0.6273654590221597,0.8810697833075564,2
2010-11-16,1.0484361111111111,4.27,0.0927763888888889,0.0,0.05672243977690756,0.9432775602230924,0.8179192727828958,1
2010-11-17,1.0986333333333334,5.234,0.09855277777777778,0.10919594658585094,0.0465006155885974,0.8443034378255516,0.7716875538195038,1
2010-11-18,1.1473277777777777,4.602,0.14319166666666666,0.1795591513250227,0.04036985057376372,0.7800709981012136,0.8028035830707633,1
2010-11-19,1.0905555555555557,4.282,0.08536666666666666,0.0,0.03896103896103896,0.961038961038961,0.5997546892944636,1
2010-11-20,1.525698611111111,9.724,0.10678333333333333,0.23294393769669813,0.1571984850909479,0.609857577212354,0.8916742126313802,2
2010-11-21,0.6256319444444445,3.236,0.08307222222222221,0.0,0.09576078728236184,0.9042392127176382,0.9122350837061061,3
2010-11-22,1.4177333333333333,5.938,0.09885694444444446,0.28390152622653647,0.12338459739196538,0.5927138763814982,0.8280253377343952,0
2010-11-23,1.095511111111111,4.628,0.09545138888888888,0.18822937625754527,0.04607645875251509,0.7656941649899396,0.7982852062308113,1
2010-11-24,1.2473944444444445,5.75,0.09198611111111112,0.0677882236516576,0.17615042058386937,0.7560613557644731,0.7132323701107287,1
2010-11-25,0.9938638888888889,5.074,0.08064444444444445,0.1636750836629145,0.0648007301490721,0.7715241861880134,0.8371913473240689,1
2010-11-26,1.1782296120348377,4.242,0.09566587490102929,0.09429020429544265,0.03361271171643094,0.8720970839881265,0.7163450850097695,1
